*,SD,*,JN,*,NW,*,DJ,*,SP,*,SC,*,DB,*,DD,*,GA,*,YC,*,GB,*,SB,*,JG,*,JR,*,SM,*,GN,*,YS,*,GS,*,EP,*,MP,*,GJ,*,GR,*,GC,*,GD,*,YD
NAME,ADDRESS,NAME,ADDRESS,NAME,ADDRESS,NAME,ADDRESS,NAME,ADDRESS,NAME,ADDRESS,NAME,ADDRESS,NAME,ADDRESS,NAME,ADDRESS,NAME,ADDRESS,NAME,ADDRESS,NAME,ADDRESS,NAME,ADDRESS,NAME,ADDRESS,NAME,ADDRESS,NAME,ADDRESS,NAME,ADDRESS,NAME,ADDRESS,NAME,ADDRESS,NAME,ADDRESS,NAME,ADDRESS,NAME,ADDRESS,NAME,ADDRESS,NAME,ADDRESS,NAME,ADDRESS
함께하는동물병원,서울특별시 성동구 독서당로 200 (옥수동),홍수의과병원,,공릉동물병원,서울특별시 노원구 동일로 1015 (공릉동),이승배수의과병원,,애니종합동물병원,서울특별시 송파구 토성로 30-1 (풍납동),이성환동물병원,서울특별시 서초구 방배로 232 (방배동),영풍동물병원,서울특별시 도봉구 도봉로 499 (쌍문동),경동동물병원,,보라매동물병원,"서울특별시 관악구 봉천로 239, 1층 (봉천동)",우신동물병원,서울특별시 양천구 중앙로 295 (신월동),롯데동물병원,,장위동물병원,서울특별시 성북구 장월로 93-1 (장위동),문화동물병원,서울특별시 중구 다산로 145-1 (신당동),태능동물병원,"서울특별시 중랑구 동일로 920, 3층 (묵동)",모래내동물병원,,로잔수의과병원,"서울특별시 강남구 삼성로 212 (대치동,은마상가A-229)",이수의과의원,서울특별시 용산구 후암로 13-2 (후암동),시온동물병원,서울특별시 강서구 까치산로 74 (화곡동),수색동물병원,,동교수의과병원,"서울특별시 마포구 양화로 182, 정민빌딩 30호 (동교동)",성동가축병원,,오류동물병원,"서울특별시 구로구 경인로 236, 예성라온팰리스 103동 101호 (오류동)",제일종합동물병원,서울특별시 금천구 독산로 58 (시흥동),이진수동물병원,,대림동물병원,서울특별시 영등포구 신길로 42 (신길동)
제일동물병원,,독립문동물병원,"서울특별시 종로구 통일로 238, 지층 (무악동)",노원동물병원,서울특별시 노원구 한글비석로 401 (상계동),중앙동물병원,"서울특별시 동작구 현충로 100, 1층 (흑석동)",사랑의동물병원,서울특별시 송파구 백제고분로 218 (삼전동),이강남동물병원,서울특별시 서초구 바우뫼로 179 (양재동),퓨리나동물병원,서울특별시 도봉구 도봉로 469 (쌍문동),성동동물병원,,에덴동물병원,서울특별시 관악구 남부순환로 1929 (봉천동),강현림 종합동물병원,서울특별시 양천구 등촌로 160 (목동),삼양동물병원,"서울특별시 강북구 삼양로 190, 백운M빌딩 1층 (미아동)",정릉동물병원,,윤신근박사동물병원,서울특별시 중구 퇴계로 226 (필동2가),혜원동물병원,"서울특별시 중랑구 면목로 341, 혜원동물병원 (면목동)",서문동물병원,,청담동물병원,"서울특별시 강남구 도산대로50길 13, 논현빌딩 3층 (논현동)",청화동물병원,,SKY동물병원,"서울특별시 강서구 양천로 72 (방화동, 해성빌딩)",응암동물병원,서울특별시 은평구 응암로 261 (응암동),마포동물병원,서울특별시 마포구 백범로 110 (대흥동),가람동물병원,,케이나인동물병원구로점,,아야야동물병원,서울특별시 금천구 두산로 71 (독산동),암사동물병원,"서울특별시 강동구 올림픽로 793, 내호빌딩 1층 (암사동)",대방동물병원,서울특별시 영등포구 여의대방로35길 1 (신길동)
무학동물병원,,평화동물병원,,한빛종합동물병원,서울특별시 노원구 동일로 1370 (상계동),야셀동물병원,"서울특별시 동작구 사당로 308 (사당동,화인빌딩 1층)",잠실종합병원,,유림동물안과병원,"서울특별시 서초구 강남대로 631, 1층 (잠원동, 크레신타워)",신창동물병원,서울특별시 도봉구 덕릉로 230 (창동),심재웅동물병원,서울특별시 동대문구 망우로 120 (휘경동),한성동물병원,서울특별시 관악구 신림로 265 (신림동),해성동물병원,서울특별시 양천구 은행정로 10 (신정동),다나동물병원,,보문동물병원,,바우미우동물병원,"서울특별시 중구 다산로 175, 명덕빌딩 (신당동)",중랑차동물병원,서울특별시 중랑구 중랑천로 81 (상봉동),가좌동물병원,서울특별시 서대문구 응암로 77 (북가좌동),삼성종합동물병원,서울특별시 강남구 일원로 45 (일원동),남산동물병원,"서울특별시 용산구 후암로 51, 지상1층 (후암동)",용봉동물병원,"서울특별시 강서구 강서로17길 20 (화곡동, 용봉동물병원)",갈현동물병원,,서진동물병원,서울특별시 마포구 신촌로 56 (동교동),펫프라자동물병원,서울특별시 광진구 뚝섬로 619 (자양동),사랑동물병원,서울특별시 구로구 도림로 98 (구로동),벽산종합동물병원,,GD동물병원,"서울특별시 강동구 상일로 13, 1,2층 (상일동)",와우동물병원,서울특별시 영등포구 대림로 154 (대림동)
영진동물병원,서울특별시 성동구 왕십리로 373 (하왕십리동),대학로동물병원,서울특별시 종로구 창경궁로 261 (명륜2가),롯데동물병원,"서울특별시 노원구 동일로207길 17, 118호 (중계동, 시영1단지B상가 )",상도동물병원,,이재풍동물병원,서울특별시 송파구 오금로35길 44 (오금동),닥터은동물병원,,태일동물종합병원,서울특별시 도봉구 해등로 184 (쌍문동),하니동물병원,,남부동물병원,,신월동물병원,서울특별시 양천구 신월로 199 (신월동),중앙동물병원,서울특별시 강북구 도봉로 88 (미아동),광덕동물병원,,황동물병원,서울특별시 중구 퇴계로 254-1 (묵정동),보람동물병원,서울특별시 중랑구 면목로 269 (면목동),연희동물병원,,Dr.베토벤동물병원,서울특별시 강남구 언주로103길 51 (역삼동),효창동물병원,서울특별시 용산구 백범로 293 (효창동),화곡동물병원,"서울특별시 강서구 까치산로 80 (화곡동, 화곡동물병원)",김정복동물병원,서울특별시 은평구 통일로 879 (갈현동),서교동물병원,"서울특별시 마포구 포은로 107, 2층 (망원동)",수동물병원,서울특별시 광진구 광나루로 341 (군자동),개명동물병원,서울특별시 구로구 개봉로 50 (개봉동),은행나무종합동물병원,서울특별시 금천구 금하로 694 (시흥동),아프리카동물병원,,인성동물병원,서울특별시 영등포구 여의대방로39길 33-2 (신길동)
현대동물병원,서울특별시 성동구 금호로 47 (금호동4가),월드펫동물병원,서울특별시 종로구 진흥로 477-1 (신영동),LK동물병원,"서울특별시 노원구 중계로 220 (중계동,조은빌딩104호)",모범동물병원,서울특별시 동작구 사당로 229 (사당동),거여가축병원,서울특별시 송파구 마천로26길 12 (오금동),남서울동물병원,서울특별시 서초구 방배로34길 12 (방배동),화신종합동물병원,서울특별시 도봉구 도당로 63 (방학동),홍릉동물병원,,형제동물병원,서울특별시 관악구 남부순환로 1747-1 (봉천동),강성동물병원,,동물병원 위드,서울특별시 강북구 덕릉로 79 (수유동),창문동물병원,,대한동물병원,서울특별시 중구 퇴계로 227 (충무로4가),엔젤동물병원,서울특별시 중랑구 겸재로 187 (면목동),인왕동물병원,"서울특별시 서대문구 통일로 405 (홍제동, 창덕종합건설(주))",21세기종합동물병원,"서울특별시 강남구 선릉로66길 5 (대치동,제1층 101호)",21세기동물병원,"서울특별시 용산구 보광로 46, 용호빌딩 지상2층 202,203호 (보광동)",황하동물병원,"서울특별시 강서구 금낭화로 52 (방화동, 세성빌딩)",불광동물병원,서울특별시 은평구 불광로 37 (불광동),공덕동물병원,,진영동물병원,,금강종합동물병원,서울특별시 구로구 경인로 196 (오류동),벽산종합동물병원,,피카소동물병원,서울특별시 강동구 구천면로 431 (명일동),영등포동물병원,서울특별시 영등포구 당산로 96 (당산동1가)
평화와생명동물병원,"서울특별시 성동구 행당로 76, 110호 (행당동, 한진노변상가)",효자동물병원,서울특별시 종로구 자하문로 66-2 (효자동),준동물병원,서울특별시 노원구 수락산로2길 9-5 (상계동),대신동물병원,,영국동물병원,"서울특별시 송파구 동남로18길 23, 무영빌딩 (가락동)",서초동물병원,서울특별시 서초구 효령로57길 4 (서초동),한빛동물병원,서울특별시 도봉구 덕릉로 256 (창동),박철환동물병원,서울특별시 동대문구 사가정로 221 (장안동),최재준동물병원,,하니동물병원,서울특별시 양천구 등촌로 58 (목동),홈펫동물병원,,큐동물병원,서울특별시 성북구 장위로 81 (장위동),동국동물병원,서울특별시 중구 퇴계로 238 (충무로5가),동부제일동물병원,서울특별시 중랑구 망우로 266 (상봉동),백년동물병원,서울특별시 서대문구 가좌로 104 (홍은동),그린동물병원,서울특별시 강남구 역삼로 406 (대치동),이태원동물병원,서울특별시 용산구 녹사평대로 210 (이태원동),스누피동물병원,"서울특별시 강서구 화곡로43길 24 (화곡동, 쥬라기동물병원)",한얼동물병원,서울특별시 은평구 응암로 226 (응암동),조상래동물병원,,예일동물병원,,라라동물의료원,"서울특별시 구로구 도림로 72, 1,B1층 (구로동)",법원단지동물병원,,길종합동물병원,"서울특별시 강동구 천호대로 1199, 1층 104호 (길동)",도림동물병원,서울특별시 영등포구 도신로 106 (신길동)
오렌지동물병원,서울특별시 성동구 행당로8길 41-2 (행당동),해동물병원,서울특별시 종로구 지봉로 53-1 (창신동),리치동물병원,서울특별시 노원구 동일로 1065 (공릉동),김확수동물병원,,희망종합동물병원,"서울특별시 송파구 올림픽로 88, 올림픽타워 101호 (잠실동)",서울동물병원,,방학동물병원,"서울특별시 도봉구 도봉로 723, 2층 (방학동)",뉴월드동물병원,"서울특별시 동대문구 한천로 94, 1층 (장안동)",DS동물병원,"서울특별시 관악구 조원중앙로 3, 1층 (신림동)",상아동물병원,,사랑동물병원,서울특별시 강북구 삼양로123길 6-12 (수유동),한사랑동물병원,서울특별시 성북구 성북로 27 (성북동1가),푸른약수동물병원,,홍상희동물병원,"서울특별시 중랑구 동일로 899, 1층 (묵동)",한솔동물병원,서울특별시 서대문구 통일로 392 (홍제동),대치동물병원,"서울특별시 강남구 삼성로 212 (대치동,은마상가 A-166호)",한남동물병원,서울특별시 용산구 대사관로24길 28 (한남동),공항동물병원,서울특별시 강서구 방화동로 48-1 (방화동),연서동물병원,서울특별시 은평구 연서로 162 (대조동),이화동물병원,,프라임동물병원,서울특별시 광진구 아차산로 451 (구의동),24시 지구촌 동물메디컬 센터,"서울특별시 구로구 구로중앙로31길 30, 24시 지구촌 동물 메디컬센터 (구로동)",연종합동물병원,,세종동물병원,서울특별시 강동구 구천면로 237 (천호동),토론토동물병원,
강아지나라동물병원,서울특별시 성동구 금호로 148-1 (금호동1가),북악동물병원,서울특별시 종로구 자하문로 293 (홍지동),25시동물병원,"서울특별시 노원구 한글비석로8길 16, 102호 (중계동, 대림벽산상가)",동작동물종합병원,서울특별시 동작구 상도로 71 (대방동),노아동물병원,서울특별시 송파구 오금로 498 (거여동),에덴동물병원,"서울특별시 서초구 도구로 115-1 (방배동,1층)",창동애견종합동물병원,서울특별시 도봉구 도봉로 534 (창동),그랜드동물병원,서울특별시 동대문구 전농로 86-1 (답십리동),서진동물병원,서울특별시 관악구 봉천로 236 (신림동),노아동물병원,서울특별시 양천구 목동동로10길 6 (신정동),미아동물병원,서울특별시 강북구 솔샘로 255 (미아동),나래종합동물병원,서울특별시 성북구 동소문로 66 (동소문동3가),남산동물병원,"서울특별시 중구 다산로 32, 5상가동 217호 (신당동, 남산타운)",비비펫동물병원,,북아현동물병원,서울특별시 서대문구 신촌로 289-1 (북아현동),포이동물병원,서울특별시 강남구 개포로 223 (개포동),구림동물병원,"서울특별시 용산구 이촌로 245 (이촌동,로얄상가106호)",공항축산,서울특별시 강서구 개화동로29길 15 (방화동),늘푸른동물병원,서울특별시 은평구 은평로 29 (신사동),뉴욕종합동물병원,서울특별시 마포구 양화로 68 (서교동),우대종합동물병원,,개봉동물병원,서울특별시 구로구 고척로 157 (고척동),법원단지동물병원,,세종종합동물병원,,신풍동물종합병원,서울특별시 영등포구 신길로 70 (신길동)
박종태종합동물병원,서울특별시 성동구 장터길 18 (금호동4가),평창동물병원,서울특별시 종로구 세검정로 313 (평창동),은빛동물병원,"서울특별시 노원구 동일로 1649 (상계동, 윤일빌딩)",사당동물병원,서울특별시 동작구 남부순환로 2051 (사당동),오주동물병원,"서울특별시 송파구 마천로 264, 흥일빌딩 (거여동)",서이동물병원,"서울특별시 서초구 사임당로 139, 104호 (서초동)",도담동물병원,서울특별시 도봉구 도봉로 875 (도봉동),애니케어동물병원,서울특별시 동대문구 이문로 80 (이문동),관악동물병원,,대현동물병원,서울특별시 양천구 목동중앙본로 113 (목동),현대종합동물병원,서울특별시 강북구 노해로 94 (수유동),이솝동물병원,,청구동물병원,,하스펫탈동물병원,서울특별시 중랑구 면목로 437 (면목동),홍제동물병원,서울특별시 서대문구 통일로 463 (홍제동),충현동물병원,서울특별시 강남구 논현로 621 (논현동),이상윤동물병원,,박동물병원,"서울특별시 강서구 강서로 294, 106호 (내발산동)",녹번동물병원,서울특별시 은평구 통일로 697 (녹번동),용강동물병원,서울특별시 마포구 대흥로 48 (대흥동),광진종합동물병원,,갤러리아동물병원,,시흥가축병원,,광나루동물병원,서울특별시 강동구 올림픽로 800 (암사동),참 동물병원,서울특별시 영등포구 영등포로76길 1 (신길동)
성동동물병원,,성현동물병원,서울특별시 종로구 혜화로 11 (명륜1가),은마로동물병원,"서울특별시 노원구 한글비석로 363, 종로약국 (중계동)",세진동물병원,,펫토피아동물병원,"서울특별시 송파구 오금로 203, 남양빌딩 (방이동)",신반포종합동물병원,서울특별시 서초구 서초중앙로 245 (반포동),두남자동물병원,서울특별시 도봉구 방학로 37 (방학동),푸른종합동물병원,"서울특별시 동대문구 홍릉로 48-1, 1층 (청량리동)",서울대부속동물병원,,애완동물병원,,솔샘동물병원,"서울특별시 강북구 솔샘로 267, 2층203호 (미아동, 삼양빌딩)",다나동물병원,서울특별시 성북구 화랑로 301 (장위동),미래지동물의료센터,"서울특별시 중구 다산로 107, 2층 (신당동)",신내동물병원,"서울특별시 중랑구 봉화산로 103, 1층 (중화동, 삼일시티빌)",하나동물병원,,Dog&Cat 동물병원,,열린동물종합병원,"서울특별시 용산구 원효로 171, 신영빌딩 (원효로2가)",고득영동물병원,"서울특별시 강서구 곰달래로 199 (화곡동, 고득영동물병원)",예종합동물,,디엔씨동물병원,서울특별시 마포구 신촌로 154 (노고산동),동서울동물병원,서울특별시 광진구 아차산로 493 (광장동),가교25시동물병원,,조정연동물병원,서울특별시 금천구 금하로 679 (시흥동),페토피아동물병원,서울특별시 강동구 양재대로 1299 (성내동),강쥐생각동물병원,"서울특별시 영등포구 영신로 22-2 (영등포동,1층)"
퍼스트펫동물병원,,올리브동물병원,서울특별시 종로구 자하문로 305 (홍지동),그린동물병원,"서울특별시 노원구 노원로 540 (상계동, 상계주공아파트 9단지상가)",인동물병원,,석촌동물병원,,우리들의동물병원,"서울특별시 서초구 사임당로 99 (서초동,1층)",가나동물병원,서울특별시 도봉구 방학로 162 (방학동),장평25시동물종합병원,서울특별시 동대문구 장한로 139 (장안동),정우동물병원,서울특별시 관악구 신림로 138 (신림동),양천종합동물병원,서울특별시 양천구 오목로 45 (신월동),애니케어 동물병원 수유점,서울특별시 강북구 삼양로 499 (수유동),서울종합동물병원,서울특별시 성북구 보문로 137 (보문동2가),제일동물병원,,제일동물병원,,한수24동물병원,,현대동물병원,"서울특별시 강남구 압구정로 134 (신사동,타워(빌)104호)",보광동물병원,서울특별시 용산구 보광로 22-1 (보광동),우장동물병원,"서울특별시 강서구 화곡로 143 (화곡동, 충효빌딩)",역촌동물병원,,박재용동물병원,,제원동물병원,,케이나인종합동물병원,서울특별시 구로구 개봉로 40 (개봉동),그린동물병원,서울특별시 금천구 독산로 272 (독산동),가나동물병원,서울특별시 강동구 고덕로 101 (암사동),우신종합동물병원,서울특별시 영등포구 신길로 168 (신길동)
생명사랑동물병원,"서울특별시 성동구 독서당로 206 (옥수동,2층)",평창동물병원,서울특별시 종로구 평창문화로 31 (평창동),고려동물병원,"서울특별시 노원구 덕릉로 738 (상계동, 정진145빌딩)",가나안동물병원,,에이스동물병원,서울특별시 송파구 중대로 206 (가락동),레스펫동물병원,"서울특별시 서초구 논현로 173, 동리빌딩 1층 (양재동)",(주)모리아동물생명 아야야동물병원,"서울특별시 도봉구 도봉로 759 (도봉동,1층)",안암동물병원,"서울특별시 동대문구 안암로 40, 1층 (용두동)",세계로동물병원,,이솝동물병원,서울특별시 양천구 목동동로8길 7 (신정동),시티동물병원,서울특별시 강북구 솔샘로 223 (미아동),베스트종합동물병원,서울특별시 성북구 동소문로 36 (동소문동3가),Zoo동물병원,,협동가축진료소,,햇살동물병원,,양재동물병원,서울특별시 강남구 남부순환로 2627 (도곡동),펫토이동물병원,,발산종합동물병원,서울특별시 강서구 강서로 237 (화곡동),오거리동물병원,"서울특별시 은평구 가좌로 239, 2층 (응암동, 스타이루)",월드펫동물병원,서울특별시 마포구 신촌로 248 (아현동),자양동물병원,,우리동물종합병원,"서울특별시 구로구 고척로 238 (고척동,하이리빙(아)1층3호)",금천동물병원,서울특별시 금천구 독산로 188 (독산동),명성동물병원,서울특별시 강동구 양재대로 1601 (천호동),초이동물병원,
강아지나라동물병원,서울특별시 성동구 금호산길 63-1 (금호동2가),우리동물병원,서울특별시 종로구 지봉로 96-3 (숭인동),화랑동물병원,서울특별시 노원구 화랑로 473 (공릉동),흑석애니피스동물병원,,김민재동물병원,서울특별시 송파구 동남로 318 (오금동),마이펫동물병원,"서울특별시 서초구 사평대로 130 (반포동,1층 가호)",동물병원 WITH,"서울특별시 도봉구 도봉로 568, 1층 (창동, 태진빌딩)",주주동물병원,서울특별시 동대문구 사가정로 121 (전농동),한빛동물병원,,가나동물병원,"서울특별시 양천구 목동서로 35 (목동,목동프라자 105)",가나안동물병원,서울특별시 강북구 인수봉로 152 (수유동),북악동물병원,,충정동물병원,"서울특별시 중구 중림로 10 (중림동,삼성사이버빌리지 상가 2동 1층 103-1호)",진정훈동물병원,"서울특별시 중랑구 동일로 777, 진정훈동물병원 (중화동)",재원동물병원,,자연동물병원,서울특별시 강남구 개포로 260 (개포동),한사랑동물병원,,강서동물병원,"서울특별시 강서구 곰달래로15길 46 (화곡동, 강서동물병원)",LOVE MY PET 동물병원,서울특별시 은평구 은평로 208 (응암동),아프리카동물병원,,킴스동물종합병원,서울특별시 광진구 면목로 117 (중곡동),신도림동물병원,"서울특별시 구로구 경인로 661, 신도림1차푸르지오 101동 139호 (신도림동)",파랑새동물병원,서울특별시 금천구 시흥대로 276 (독산동),다래동물병원,서울특별시 강동구 구천면로 289 (천호동),두암동물병원,서울특별시 영등포구 도림로 153 (대림동)
성수동물병원,서울특별시 성동구 왕십리로 100 (성수동1가),누리봄동물병원,서울특별시 종로구 사직로12길 2 (내자동),미래동물병원,서울특별시 노원구 공릉로 168 (공릉동),성민동물병원,,워리동물병원,,노아동물병원,,사랑동물병원,"서울특별시 도봉구 도봉로 678 (방학동,1층)",휘경동물병원,,내사랑동물병원,,나우동물종합병원,"서울특별시 양천구 목동중앙본로 10 (목동,극동상가 103)",강북동물병원,서울특별시 강북구 삼양로 601 (우이동),대학동물병원,서울특별시 성북구 화랑로 309 (장위동),차지우동물병원,"서울특별시 중구 동호로 204, 청화빌딩 1층 (신당동)",성지동물병원,서울특별시 중랑구 면목로 311 (면목동),신영동물병원,서울특별시 서대문구 통일로 489 (홍은동),백산동물병원,서울특별시 강남구 봉은사로 463 (삼성동),세하동물병원,,등촌동물병원,,미래동물병원,서울특별시 은평구 서오릉로 192 (갈현동),다솔동물병원,,시민동물병원,서울특별시 광진구 자양로 94 (자양동),토토동물병원,"서울특별시 구로구 경인로59길 7 (신도림동,대림6차상가 109)",우리동물병원,서울특별시 금천구 독산로 348 (독산동),쥬라기동물병원,서울특별시 강동구 올림픽로 703 (천호동),우리동물병원,서울특별시 영등포구 여의대방로68길 15 (여의도동)
한사랑동물병원,,효자동물병원,서울특별시 종로구 자하문로 66-2 (효자동),우리들동물종합병원,"서울특별시 노원구 동일로 1280, 116호 (중계동, 시영2단지상가)",김용각동물병원,"서울특별시 동작구 성대로11길 46, 1층 (상도동)",박경호동물병원,서울특별시 송파구 올림픽로 362 (방이동),방배종합동물병원,서울특별시 서초구 동광로 75 (방배동),수호천사동물병원,"서울특별시 도봉구 마들로 645 (방학동,1층)",현대종합동물병원,서울특별시 동대문구 답십리로 293 (장안동),서울동물병원,서울특별시 관악구 신림로 233 (신림동),민병철동물병원,서울특별시 양천구 남부순환로 347 (신월동),초이스동물병원,서울특별시 강북구 삼양로117길 5 (수유동),청솔동물병원,,행복한둥지동물병원,,행복이있는동물병원,"서울특별시 중랑구 봉화산로 232, B동 1층 (신내동)",차지우동물병원,,청실동물병원,"서울특별시 강남구 남부순환로 2917 (대치동,청실상가 120)",원효종합동물병원,서울특별시 용산구 원효로 187 (원효로2가),미래동물병원,"서울특별시 강서구 강서로 45 (화곡동, 미래동물병원)",신동물병원,,홍익동물종합병원,서울특별시 마포구 독막로 45 (합정동),피카소동물병원,서울특별시 광진구 광나루로 392-1 (화양동),구로종합동물병원,서울특별시 구로구 구로동로 159 (구로동),다사랑동물종합병원,,성심동물종합병원,,한국동물병원,서울특별시 영등포구 여의대방로 201 (신길동)
내친구동물병원,,효자동물병원,서울특별시 종로구 자하문로 66-2 (효자동),동물나라동물병원,,디아크동물종합병원,,서울동물병원,,마리오동물병원,,현대종합동물병원,"서울특별시 도봉구 도봉로 669, 1층 (방학동)",다솜종합동물병원,"서울특별시 동대문구 전농로 15-3, 1층 (답십리동)",닥터엠동물병원,,바우동물병원,서울특별시 양천구 중앙로 230 (신정동),사랑의동물병원,"서울특별시 강북구 솔샘로 174 (미아동, sk주상가 209호)",강북동물병원,서울특별시 성북구 종암로 65 (종암동),웰펫동물병원,서울특별시 중구 동호로 178 (신당동),하나동물병원,,라파엘종합동물병원,서울특별시 서대문구 연희로 132 (연희동),중부가축병원,,용마종합동물병원,,염창제일동물병원,"서울특별시 강서구 양천로 651, 1층 (염창동)",더독동물병원,서울특별시 은평구 서오릉로 140 (대조동),아현종합동물병원,,용마동물병원,서울특별시 광진구 용마산로 66 (중곡동),해피동물병원,서울특별시 구로구 중앙로 67 (고척동),쿨펫동물병원,서울특별시 금천구 시흥대로 201 (시흥동),사랑이있는동물병원,서울특별시 강동구 구천면로 446 (명일동),제일동물병원,
아이러브 팻 동물병원,,효자동물병원,서울특별시 종로구 자하문로 66-2 (효자동),수락동물병원,서울특별시 노원구 동일로 1622 (상계동),나라동물병원,"서울특별시 동작구 사당로 284, 1층 (사당동)",위드펫종합동물병원,"서울특별시 송파구 백제고분로 161, 성선빌딩 (잠실동)",라파엘동물병원,서울특별시 서초구 강남대로 525-3 (반포동),온누리동물병원,"서울특별시 도봉구 시루봉로 59 (쌍문동,1층)",VIP동물의료센터,서울특별시 동대문구 답십리로 298 (장안동),나은동물종합병원,,황경택동물병원,,대형동물병원,서울특별시 강북구 삼양로 504 (수유동),펫케어동물병원,,백슬동물병원,"서울특별시 중구 만리재로 177, 105호 (만리동2가, 서울역한라비발디센트럴)",금란동물병원,"서울특별시 중랑구 용마산로 532, 금란동물병원 (망우동)",프란다스동물병원,"서울특별시 서대문구 거북골로 120 (남가좌동, DMC센트레빌아파트)",일마레동물메디컬센터,서울특별시 강남구 도산대로 514 (청담동),ANYPET동물병원,서울특별시 용산구 회나무로 9 (이태원동),송정종합동물병원,"서울특별시 강서구 공항대로 19 (공항동, 송정동물병원)",유종합동물병원,,망원동물종합병원,서울특별시 마포구 월드컵로 65 (망원동),알프스동물병원,,구일동물병원,"서울특별시 구로구 구일로8길 92 (구로동,중앙하이츠상가 118호)",금나래동물병원,"서울특별시 금천구 벚꽃로 30, 211호 (독산동, 금천롯데캐슬골드파크2차)",꼭지동물병원,,성모종합동물병원,
강아지나라동물병원,서울특별시 성동구 금호산길 63-1 (금호동2가),효자동물병원,서울특별시 종로구 자하문로 66-2 (효자동),당고개동물병원,서울특별시 노원구 덕릉로 810-1 (상계동),하나사랑동물병원,"서울특별시 동작구 상도로 171, 1층 (상도동)",25시동물병원,"서울특별시 강남구 봉은사로72길 33, 101동 8층 1호 (삼성동, 영무예다음)",한강동물병원,"서울특별시 서초구 신반포로 49 (반포동,반포상가 M-16호)",양현철동물병원,서울특별시 도봉구 방학로 37 (방학동),태양종합동물병원,,양지동물병원,"서울특별시 관악구 남부순환로191길 10, 1층 (봉천동)",목동동물병원,"서울특별시 양천구 목동서로 57 (목동,현대파리지앙 121호)",창문동물병원,서울특별시 강북구 월계로 35 (미아동),OK동물병원,,웰니스 클리닉(청계천점),"서울특별시 중구 청계천로 400, 지하2층 (황학동, 롯데캐슬베네치아)",24시 동물응급의료센터,"서울특별시 중랑구 망우로 247, 지하1층 (중화동, 로얄스포츠센터)",예일동물병원,,원동물병원,,퍼피119동물병원,,그랜드동물병원,,은평동물병원,서울특별시 은평구 서오릉로 80 (대조동),캣츠앤독스 동물병원,서울특별시 마포구 월드컵북로 151 (성산동),팻클럽동물병원,,24시 명 동물병원,서울특별시 구로구 고척로21길 13 (개봉동),노아동물병원,서울특별시 금천구 금하로 745 (시흥동),두루동물병원,서울특별시 강동구 구천면로 498-1 (명일동),조은동물병원,서울특별시 영등포구 시흥대로 649 (대림동)
늘푸른동물병원,"서울특별시 성동구 난계로 35 (금호동1가,외4필지)",효자동물병원,서울특별시 종로구 자하문로 66-2 (효자동),참사랑동물병원,"서울특별시 노원구 한글비석로 272, 101호 (중계동, 중원코아빌딩)",디아크동물종합병원,서울특별시 동작구 장승배기로27길 18 (노량진동),천호동물병원,서울특별시 송파구 올림픽로 611 (풍납동),두코동물병원,,동물을사랑하는사람들,"서울특별시 도봉구 마들로 657 (방학동,ESA아파트1단지 상가 112호)",정다운동물병원,"서울특별시 동대문구 안암로 102, 1층 (제기동)",현대동물병원,,슈슈애견동물병원,서울특별시 양천구 신목로 78 (신정동),위즈동물병원,서울특별시 강북구 도봉로 202 (미아동),열린동물병원,"서울특별시 성북구 오패산로 46 (하월곡동, 두산위브아파트상가 117호)",좋아요 동물병원,"서울특별시 중구 다산로36길 83, 1층 (신당동)",로얄메디컬센터,서울특별시 중랑구 망우로 247 (중화동),홍은동물병원,서울특별시 서대문구 가좌로 140 (홍은동),강남 25시동물병원,서울특별시 강남구 학동로 324 (논현동),성심동물병원,서울특별시 용산구 우사단로10길 80 (보광동),서서울동물병원,서울특별시 강서구 양천로 675 (염창동),영규동물병원,,그랜드종합동물병원,,팻클럽동물병원,,굿모닝 동물병원,서울특별시 구로구 개봉로 121 (개봉동),보보스동물병원,,강동동물병원,서울특별시 강동구 양재대로 1532 (길동),여의도동물병원,"서울특별시 영등포구 여의대방로 417 (여의도동,대교A상가 113호)"
로얄벳성수점동물병원,서울특별시 성동구 뚝섬로 377 (성수동2가),월드펫동물병원,서울특별시 종로구 진흥로 473 (신영동),이엠동물병원,서울특별시 노원구 한글비석로 436 (상계동),종합동물병원 Pet Together,"서울특별시 동작구 양녕로 184-1 (상도동,지하1층)",훼미리동물병원,,킴스동물병원,"서울특별시 서초구 신반포로 49 (반포동,구반포상가 M동 14호)",참 동물병원,"서울특별시 도봉구 노해로 341 (창동,신원리베르텔 107호)",애니펫동물병원,,나눔동물병원,,닥터펫 동물병원,"서울특별시 양천구 목동서로 170 (목동,한국까르프 1층)",홈펫동물병원,서울특별시 강북구 도봉로 110-1 (미아동),드림동물병원,서울특별시 성북구 동소문로 74 (동소문동5가),그녀의 동물병원,"서울특별시 중구 다산로 32, 스포츠센터동 106-2호 (신당동, 남산타운)",세진종합동물병원,,예일동물병원,서울특별시 서대문구 거북골로 13 (홍은동),백산동물병원,서울특별시 강남구 강남대로118길 23 (논현동),갤러리동물병원,서울특별시 용산구 회나무로 43 (이태원동),비온뒤숲속동물병원,서울특별시 강서구 공항대로 459 (등촌동),금쪽같은내새끼 동물병원,서울특별시 은평구 연서로 185 (갈현동),신촌국제동물병원,,중곡동물병원,서울특별시 광진구 긴고랑로 47 (중곡동),대한동물종합병원,,러브펫동물병원,,둔촌동물병원,서울특별시 강동구 양재대로 1385 (성내동),프랜드동물병원,"서울특별시 영등포구 영중로 145 (영등포동8가,삼환아파트상가 114호)"
한빛동물병원,서울특별시 성동구 금호산길 63-1 (금호동2가),광화문동물병원,"서울특별시 종로구 자하문로 35-3, 씨에스코즈빌 101호 (통인동)",굿모닝동물병원,,동물은내친구,서울특별시 동작구 사당로 252 (사당동),문정종합동물병원,,잠원동물병원,,수호천사동물병원,"서울특별시 도봉구 마들로 645 (방학동,1층)",디아크동물병원,서울특별시 동대문구 홍릉로 64-1 (청량리동),관악동물병원,서울특별시 관악구 남부순환로 1859 (봉천동),필동물종합병원,서울특별시 양천구 등촌로 16 (목동),캐어포스트,서울특별시 강북구 덕릉로 39 (수유동),다나동물병원,,올댓동물병원,"서울특별시 중구 동호로11길 32, 1층 (신당동)",서울우유협동조합유우진료소,서울특별시 중랑구 중랑천로 71 (상봉동),모래내동물병원,,개포동물병원,"서울특별시 강남구 개포로 512 (개포동,개포종합상가 112호)",갤러리동물병원,서울특별시 용산구 회나무로 43 (이태원동),서울플러스종합동물병원,"서울특별시 강서구 등촌로 55, 신진통상빌딩 (화곡동)",한마음동물병원,서울특별시 은평구 갈현로 35 (신사동),셀레네동물병원,서울특별시 마포구 독막로 85 (상수동),황희정종합동물병원,,명24시동물병원,"서울특별시 구로구 중앙로 101 (고척동,청솔우성(아) 1층107호)",러브펫동물병원,서울특별시 금천구 독산로85길 40 (독산동),김태화동물병원,서울특별시 강동구 천호대로 1190 (둔촌동),삼성동물병원,
독스동물병원,,경희궁 바른 동물병원,"서울특별시 종로구 송월길 99, 상가동 2층 2229호 (홍파동, 경희궁자이 2단지)",쿨펫동물병원,,굿모닝동물병원,서울특별시 동작구 상도로 303 (상도1동),박형우종합동물병원,,방배한강동물병원,"서울특별시 서초구 방배로 204 (방배동,지상1층)",사랑동물병원,"서울특별시 도봉구 도봉로 678 (방학동,1층)",전농종합동물병원,,신림종합동물병원,서울특별시 관악구 신림로 157-1 (신림동),애니케어동물병원,서울특별시 양천구 중앙로 291 (신월동),신원동물병원,서울특별시 강북구 한천로 944-1 (번동),아리랑동물병원,서울특별시 성북구 동소문로25길 61 (동선동5가),바른동물병원,"서울특별시 중구 퇴계로 447, 1층 131호 (황학동, 황학 아크로타워)",비비펫동물병원,,서대문아프리카동물병원,서울특별시 서대문구 세검정로 51 (홍제동),한사랑동물병원,,성심동물병원,서울특별시 용산구 우사단로10길 80 (보광동),고려종합동물병원,"서울특별시 강서구 양천로57길 10-20 (가양동, 이스타빌Ⅰ)",한마음동물병원,,C.T.종합동물병원,"서울특별시 마포구 만리재로 74 (신공덕동,신공덕2차 삼성래미안2상가 117호)",방주종합동물병원,서울특별시 광진구 능동로 334 (중곡동),한샘종합동물병원,서울특별시 구로구 경인로 350 (개봉동),쿨펫동물병원,"서울특별시 금천구 두산로 71 (독산동, 롯데빅마켓 3층)",해태동물병원,서울특별시 강동구 동남로73길 26 (명일동),문래동물병원,
아지동물병원,"서울특별시 성동구 독서당로 289 (금호동4가,지상1층)",선동물병원,"서울특별시 종로구 자하문로 95, 신교빌딩 1층 (신교동)",참동물병원,"서울특별시 노원구 동일로 1530 (상계동, 다모아빌딩)",쿠키동물병원,,다사랑동물병원,서울특별시 송파구 성내천로 306 (마천동),강남동물병원,"서울특별시 서초구 강남대로 489 (반포동,지상1층)",수호천사동물병원,"서울특별시 도봉구 마들로 645 (방학동,1층)",수동물병원,,관악동물종합병원,서울특별시 관악구 남부순환로 1859 (봉천동),혜인종합 동물병원,"서울특별시 양천구 등촌로 218, 혜인빌딩 (목동)",동물을사랑하는사람들,서울특별시 강북구 도봉로98길 56 (번동),길음동물병원,"서울특별시 성북구 동소문로 248 (길음동, 삼부상가 102동 6,7호)",한국양봉농협 동물병원,"서울특별시 중구 다산로 178, 한국양봉농협 본점 5층 (신당동)",진영동물병원,,윤선생동물병원,"서울특별시 서대문구 연희로 265 (홍은동, 홍암빌딩)",구룡동물병원,,펫토이동물병원,,아이러브펫동물병원,,독도동물병원,,제스이종경동물병원,서울특별시 마포구 도화길 49 (도화동),팻클럽동물병원,,쿨펫동물병원,"서울특별시 구로구 경인로 482, 롯데마트구로점 (구로동)",우리동물메디컬센터,서울특별시 금천구 남부순환로 1386 (독산동),현대종합동물병원,서울특별시 강동구 구천면로 238 (천호동),서울동물병원,서울특별시 영등포구 영중로27길 10 (영등포동7가)
성동동물종합병원,,,,한강동물병원,서울특별시 노원구 노원로34길 76 (상계동),유석동물병원,,한울동물병원,서울특별시 송파구 올림픽로 240 (잠실동),정원동물병원,"서울특별시 서초구 고무래로 90-7 (서초동,서초쇼핑2층10호)",삼성동물종합병원,"서울특별시 도봉구 도봉로 499, 1층 (쌍문동)",사랑동물병원,,러브펫종합동물병원,서울특별시 관악구 남부순환로 1429 (신림동),메디펫종합 동물병원,서울특별시 양천구 오목로 318 (목동),강북동물병원,"서울특별시 강북구 오현로 194 (번동, 덕수빌딩 1층)",포유동물병원,,애니컴 메디컬센터,"서울특별시 중구 다산로 83-1, 3층 (신당동)",제일동물병원,서울특별시 중랑구 면목로 273 (면목동),연희동물병원,서울특별시 서대문구 연희로25길 101 (연희동),마이펫 하우스 동물병원,"서울특별시 강남구 삼성로 642 (삼성동,106호)",한사랑동물병원,서울특별시 용산구 신흥로 36-1 (용산동2가),준동물병원,서울특별시 강서구 송정로1길 29 (공항동),더탑동물병원,"서울특별시 은평구 통일로 691, 2층 (녹번동)",Dr.전 종합동물병원,,기린동물종합병원,,우리동물종합병원,"서울특별시 구로구 고척로 238 (고척동,하이리빙아파트상가 1층 3호)",독산온동물병원,"서울특별시 금천구 독산로 225, 1층 (독산동)",해피랜드동물병원,,당산동물병원,
24시센트럴동물메디컬센터,서울특별시 성동구 고산자로 207 (행당동),,,중계종합동물병원,"서울특별시 노원구 한글비석로 245 (중계동,두타빌A동111,112호)",인동물병원,,엄마손동물병원,,우성동물의료센터,서울특별시 서초구 주흥길 3 (반포동),수호천사동물병원,"서울특별시 도봉구 마들로 645 (방학동,1층)",우리동물병원,,해맑은동물병원,,하나 동물병원,"서울특별시 양천구 목동서로 387 (신정동,세림프라자 106호)",삼성동물병원,"서울특별시 강북구 삼양로19길 25, 110동 지층 1-2,1-3호 (미아동, 삼성래미안트리베라1차아파트)",은혜동물병원,,메종동물병원,"서울특별시 중구 다산로 230, 하나빌딩 1층 (신당동)",우리들동물병원,서울특별시 중랑구 동일로 678 (면목동),예일동물병원,,기찬동물병원,,갤러리동물병원,서울특별시 용산구 회나무로 43 (이태원동),해맑은동물병원,"서울특별시 강서구 양천로57길 10-20 (가양동, 이스타빌Ⅰ)",참사랑동물병원,,꿈동물병원,,건국대학교수의과대학부속동물병원,,캐슬동물종합병원,"서울특별시 구로구 고척로 238 (고척동,하이리빙아파트 상가 103호)",조아동물병원,"서울특별시 금천구 금하로1라길 35, 1층 (독산동)",신세대동물병원,,도그플러스 동물병원,"서울특별시 영등포구 당산로 42 (문래동3가,홈프러스 4층)"
이윤세동물병원,"서울특별시 성동구 행당로 76, 한진노변상가 1,2층 108호109호203호 (행당동)",,,닥터펫동물병원(중계점),,신대방동물병원,,가락종합동물병원,"서울특별시 송파구 오금로 247, 건양빌딩 (방이동)",코아동물병원,"서울특별시 서초구 신반포로 219 (잠원동,반포쇼핑타운 8동 405호)",쿨펫동물병원,"서울특별시 도봉구 마들로 645, 2층 (방학동)",우리동물병원,,DR.차동물병원,,이지동물병원,서울특별시 양천구 신목로 59 (신정동),수 동물병원,"서울특별시 강북구 솔샘로 220 (미아동, 유머빌딩 103호)",비비펫동물병원,,웰니스클리닉(청계천점),"서울특별시 중구 청계천로 400, 지하 1층 (황학동, 롯데캐슬베네치아)",하나동물병원,,모래내동물병원,,우리들동물병원,,성심동물병원,서울특별시 용산구 우사단로10길 80 (보광동),대한동물병원,"서울특별시 강서구 화곡로 205 (화곡동, 대한동물병원)",우신동물병원,"서울특별시 은평구 연서로 72, 1층 101호 (역촌동)",세종동물병원,서울특별시 마포구 서강로 69 (창전동),Pet 동물병원,,수 동물병원,서울특별시 구로구 구로중앙로28길 1-1 (구로동),24시 글로리 동물병원,서울특별시 금천구 시흥대로 483 (독산동),CH동물병원,서울특별시 강동구 구천면로 322 (천호동),토론토동물병원,서울특별시 영등포구 양평로 6-1 (당산동6가)
쿨펫동물병원,,,,러브펫동물병원,서울특별시 노원구 동일로204가길 12 (중계동),원동물병원,서울특별시 동작구 사당로 180 (사당동),첼린저동물병원,서울특별시 송파구 마천로 274 (거여동),더독동물병원,"서울특별시 서초구 신반포로3길 8 (반포동,반포프라자 지하1층)",세정동물병원,서울특별시 도봉구 방학로 37 (방학동),맑은 동물병원,"서울특별시 동대문구 청계천로 417, 108호 (신설동, 청계천 대성 스카이렉스1)",난곡서울동물병원,,다정종합동물병원,서울특별시 양천구 월정로 137 (신월동),보노보노동물병원,"서울특별시 강북구 삼양로 336, 예향교회 1층 (수유동)",씨네동물병원,,헬릭스동물심장수술센터,"서울특별시 중구 을지로38길 20, 뉴천지관광호텔 2층 (을지로5가)",제일동물병원,,러브펫 동물병원,,영동동물병원,,한스동물병원,"서울특별시 용산구 한남대로 60 (한남동,한남리첸시아 비동 117호)",쿨펫동물병원,"서울특별시 강서구 양천로 431 (가양동, 홈플러스가양점)",패미원동물병원,,캣츠앤독스 동물병원,서울특별시 마포구 월드컵북로 151 (성산동),광진동물의료센터,서울특별시 광진구 광나루로 507 (구의동),캐슬동물종합병원,"서울특별시 구로구 고척로 238 (고척동,하이리빙(아)상가 103호)",금천 24시 K동물의료센터,"서울특별시 금천구 시흥대로 251 (시흥동, 도일산호시티빌)",행복동물병원,,현대 동물병원,서울특별시 영등포구 선유로 104 (양평동1가)
한양동물메디컬센터,서울특별시 성동구 왕십리로 282 (행당동),,,스누피동물병원,서울특별시 노원구 동일로192길 87 (공릉동),플로리다 종합동물병원,서울특별시 동작구 여의대방로 284 (대방동),밍키종합동물병원,,신세계동물병원,,유현동물병원,"서울특별시 도봉구 방학로 187, 105호 (방학동, 한화아파트 상가)",쿨펫동물병원-장안점,서울특별시 동대문구 답십리로 288 (장안동),한빛동물병원,서울특별시 관악구 인헌6길 8 (봉천동),햇살동물병원,서울특별시 양천구 월정로 46 (신월동),호 동물병원,서울특별시 강북구 월계로 53 (미아동),애니동물병원,,헬릭스동물암센터,"서울특별시 중구 을지로38길 20, 뉴천지관광호텔 1층 (을지로5가)",하나동물병원,,세란동물병원,"서울특별시 서대문구 북아현로 40, 110호 (북아현동,경남아파트상가)",강남동물병원,서울특별시 강남구 봉은사로 205 (논현동),펫프렌즈동물병원,,하나동물병원,"서울특별시 강서구 금낭화로 109 (방화동, 하나동물병원)",에이스동물병원,,사랑동물병원,"서울특별시 마포구 월드컵로 240 (성산동,월드컵경기장내 2층)",우대종합동물병원,,푸른동물병원,서울특별시 구로구 구로동로 111-1 (구로동),더조은 동물의료센터,"서울특별시 금천구 시흥대로 172, 서우빌딩 (시흥동)",세종동물병원,,초이동물병원,서울특별시 영등포구 대림로 203 (대림동)
금호동물병원,서울특별시 성동구 금호로 82-1 (금호동1가),,,시튼동물의료원,서울특별시 노원구 동일로 1093 (공릉동),정금동물병원,서울특별시 동작구 사당로23나길 30 (사당동),한양종합동물병원,서울특별시 송파구 가락로 162 (송파동),(주)아크리스동물병원,"서울특별시 서초구 강남대로 196 (양재동,구민빌딩 2층)",행복한동물병원,,그린동물병원,"서울특별시 동대문구 정릉천동로 58, 1층 125호 (용두동, 롯데캐슬피렌체)",행복한동물병원,서울특별시 관악구 은천로 121 (봉천동),바우동물병원,서울특별시 양천구 중앙로 230 (신정동),쿠키동물병원,"서울특별시 강북구 삼양로27길 19 (미아동, 래미안트리베라 201동 116호)",미소동물병원,,서울동물영상종양센터,"서울특별시 중구 을지로38길 20, 뉴천지관광호텔 1층 (을지로5가)",쥬라기동물병원,"서울특별시 중랑구 신내로 211, 119호 (신내동, 금강리빙스텔)",우리동물병원,서울특별시 서대문구 통일로 197 (영천동),닥터펫동물의료센타,서울특별시 강남구 선릉로 620 (삼성동),칼라'S종합동물병원,,24시아프리카동물메디컬센터,"서울특별시 강서구 공항대로 335 (등촌동, 경왕빌딩)",해오름동물병원,,와우동물병원,,건국대학교 부속 동물병원,서울특별시 광진구 능동로 120 (화양동),해원종합동물병원,"서울특별시 구로구 구일로 110 (구로동,해원리버파크 105호)",나비셀 동물의료센터,"서울특별시 금천구 가산디지털2로 98, IT캐슬 2동 210호 (가산동)",우리종합동물병원,,마루동물병원,
서울숲동물병원,서울특별시 성동구 뚝섬로 386 (성수동2가),,,로얄벳동물병원(월계점),,피닉스동물병원,서울특별시 동작구 상도로 58 (대방동),LA종합동물병원,,삼호동물병원,"서울특별시 서초구 방배로 269 (방배동,삼호상가 109호)",이n김동물병원,"서울특별시 도봉구 마들로 664, 2층 (도봉동, 킴스타워)",엘동물병원,서울특별시 동대문구 고산자로 393-5 (용두동),늘푸른동물병원,"서울특별시 관악구 난곡로 223-1, 1층 (신림동)",닥터펫 동물병원,,봉식동물병원,서울특별시 강북구 삼양로 252 (미아동),이솝동물병원,,웰튼동물의료센터,"서울특별시 중구 난계로 197, 1,2,4층 (황학동)",하나동물병원,,모래내동물병원,,24시종합동물병원,서울특별시 강남구 도산대로 138 (논현동),칼리'S 동물병원,,지지펫동물병원,서울특별시 강서구 우장산로 107-1 (화곡동),메디펫동물병원,서울특별시 은평구 통일로 885 (갈현동),사랑동물병원,"서울특별시 마포구 월드컵로 240 (성산동,월드컵경기장내 2층)",산마루동물병원,,쿨펫동물병원고척점,"서울특별시 구로구 중앙로1길 36 (고척동,2001아울렛 5층)",,,행복동물병원,,애드펫동물병원,"서울특별시 영등포구 선유서로 67, 104동 131호 (양평동2가,신동아하이팰리스상가)"
옥수수 동물병원,"서울특별시 성동구 독서당로40길 39, 213호 (옥수동, 어울림상가)",,,수락동물병원,,강남동물병원,서울특별시 동작구 여의대방로 284 (대방동),하트동물메디컬센터,"서울특별시 송파구 삼학사로 75, 신일빌딩 (삼전동)",21세기동물병원,"서울특별시 서초구 강남대로83길 23 (반포동,지상1층)",다현동물병원,"서울특별시 도봉구 해등로16길 26 (창동,타임프라자 107호)",동물사랑실천병원,서울특별시 동대문구 전농로 43 (답십리동),낙성대동물병원,,신정 동물병원,"서울특별시 양천구 오목로 198-1 (신정동,1층)",스마트 동물병원,"서울특별시 강북구 솔샘로 203-2, 1층 (미아동)",비비펫동물병원,,,,진영동물병원,서울특별시 중랑구 동일로96길 33 (면목동),빛가온동물병원,서울특별시 서대문구 통일로 375 (홍제동),해맑은동물병원,,펫토이 동물병원,,서서울동물병원,,예스플러스 동물병원,,동물사랑동물병원,서울특별시 마포구 월드컵로 73 (망원동),아차산동물병원,서울특별시 광진구 천호대로 663 (구의동),쿨펫동물병원,"서울특별시 구로구 경인로 661 (신도림동,홈에버 신도림점 지하2층)",,,주양동물병원,,영등포동물병원,서울특별시 영등포구 당산로 96 (당산동1가)
도담동물병원(출장진료전문 동물병원),"서울특별시 성동구 독서당로59길 84, 신동아아파트상가동 1층 111호 (행당동)",,,시마동물병원,"서울특별시 노원구 동일로 1356, 상가동 2층 201호 (상계동, 상계주공4단지아파트)",다나동물병원,서울특별시 동작구 동작대로 47 (사당동),로데오24종합동물병원,서울특별시 송파구 동남로4길 25 (문정동),엔터펫동물병원,"서울특별시 서초구 고무래로 10-7 (반포동,장성빌딩 1층)",다빈치동물병원,"서울특별시 도봉구 노해로63다길 41 (창동,동아상가 1층 1012호)",제이동물병원,서울특별시 동대문구 왕산로 94 (용두동),세계로동물병원,서울특별시 관악구 남부순환로 1497 (신림동),토론토 동물병원,"서울특별시 양천구 등촌로 172, 등촌빌딩 A동 102호 (목동)",H 동물병원,"서울특별시 강북구 삼양로27길 35-21, 미아프라자 106호 (미아동)",포유동물병원,,,,주연동물병원,서울특별시 중랑구 면목로 273 (면목동),마음을 나누는 동물병원,"서울특별시 서대문구 신촌로35길 10, 지하1층 424호 (북아현동, e편한세상신촌 4단지)",하나동물병원,서울특별시 강남구 영동대로 217 (대치동),칼리스 동물병원,,비타민c동물병원,"서울특별시 강서구 강서로 420 (등촌동, 서울호서전문학교)",은평동물병원(은평본원),,이황동물병원,"서울특별시 마포구 월드컵로 147 (망원동,한익빌딩 1층)",정동물병원,,쿨펫동물병원(2001아울렛구로점),,,,신세대동물병원,,아프리카동물병원,서울특별시 영등포구 시흥대로 647 (대림동)
라임동물병원,서울특별시 성동구 무학로 16 (홍익동),,,사랑동물병원,서울특별시 노원구 공릉로 176 (공릉동),다래동물병원,서울특별시 동작구 사당로17길 3 (사당동),더독동물병원,서울특별시 송파구 오금로46길 36 (가락동),동원동물병원,,행복한동물병원,"서울특별시 도봉구 도봉로 618, 108호 (창동)",러브펫동물병원,서울특별시 동대문구 장한로 77 (장안동),나은동물병원,,닥터펫동물병원,,초이스동물병원,"서울특별시 강북구 삼양로117길 5, 1층 (수유동)",정릉동물병원,"서울특별시 성북구 보국문로 4, 2층 (정릉동)",,,진서동물병원,서울특별시 중랑구 신내로10길 7 (신내동),모래내동물병원,,열린종합동물병원,서울특별시 강남구 압구정로 228 (신사동),청화종합동물병원,"서울특별시 용산구 보광로 90, 태광빌딩 1층 (이태원동)",쥬라기동물종합병원,"서울특별시 강서구 화곡로43길 24 (화곡동, 쥬라기동물병원)",연신내 동물병원,"서울특별시 은평구 연서로 252 (불광동, 세종빌딩)",사랑동물병원,"서울특별시 마포구 월드컵로 240 (성산동,월드컵경기장내  2층)",쥬라기동물병원,서울특별시 광진구 광나루로 601 (광장동),쿨펫동물병원(2001아울렛 구로점),,,,신세대동물병원,,디오빌 동물병원,"서울특별시 영등포구 당산로 222 (당산동5가,당산디오빌 1층 103-3)"
펫 365 동물병원,서울특별시 성동구 독서당로 328 (금호동4가),,,수 동물병원,"서울특별시 노원구 동일로 1689 (상계동, 하이베라스)",피닉스동물병원,"서울특별시 동작구 상도로 43, 1층 (대방동, 정원빌딩)",서광VETLAB,,My Friends 동물병원,,사랑해요동물병원,서울특별시 도봉구 시루봉로 59 (쌍문동),제연동물병원,서울특별시 동대문구 답십리로 77 (전농동),행복한동물병원,"서울특별시 관악구 인헌6길 15 (봉천동,새한빌딩 104호)",하릅강아지 동물병원,"서울특별시 양천구 신정로 312 (신정동,뉴목동프라자 113호)",프렌즈동물병원,"서울특별시 강북구 오패산로 160, 1층 (미아동, 참존빌)",행복한동물병원,서울특별시 성북구 돌곶이로 91 (장위동),,,세진동물병원,"서울특별시 중랑구 망우로 396, 신인빌딩 (망우동)",예일동물병원,서울특별시 서대문구 거북골로 13 (홍은동),싼타힐,서울특별시 강남구 강남대로132길 48 (논현동),펫토이동물병원,서울특별시 용산구 대사관로 32 (한남동),곰달래동물병원,"서울특별시 강서구 곰달래로 223 (화곡동, 화곡동상가)",튼튼동물병원,,다솔동물병원,"서울특별시 마포구 월드컵로 118 (성산동,1층)",이다종합동물병원,서울특별시 광진구 뚝섬로 504 (자양동),쿨펫동물병원,"서울특별시 구로구 구로중앙로 134 (구로동,나인스에비뉴 지하1층 커뮤니티죤)",,,열린24시동물병원,서울특별시 강동구 양재대로 1508 (길동),Dr.수동물병원,"서울특별시 영등포구 국제금융로 79 (여의도동,롯데슈퍼 2층)"
신당햇살동물병원,서울특별시 성동구 행당로1길 23 (금호동1가),,,LK 동물병원,"서울특별시 노원구 중계로 233, 133호 (중계동, 청구3차 상가동 )",마야네동물병원,"서울특별시 동작구 성대로1길 24, 102호 (상도동)",밍키종합동물병원,,STAR 동물종합병원,"서울특별시 서초구 신반포로 330 (반포동,1층)",태현동물병원,서울특별시 도봉구 도당로 79 (방학동),VIP동물의료센터,서울특별시 동대문구 답십리로 298 (장안동),샘동물병원,서울특별시 관악구 호암로 591 (신림동),하릅강아지 동물병원,"서울특별시 양천구 신정로 312 (신정동,뉴목동프라자 113호)",24시 수유 바른펫 동물의료센터,"서울특별시 강북구 노해로 65, 1, 2층 (수유동, 리안스페이스)",미소동물병원,서울특별시 성북구 종암로19길 7 (종암동),,,해피데이동물병원,서울특별시 중랑구 상봉중앙로1길 82 (상봉동),대화동물병원,,세인트필립동물병원,서울특별시 강남구 도곡로 426 (대치동),차오름동물병원,서울특별시 용산구 효창원로 14 (산천동),와우동물병원,"서울특별시 강서구 방화대로47가길 7 (방화동, 방화샤르망1오피스텔)",멍이맘동물병원,,굿모닝동물병원,,우대종합동물병원,,구로종합동물병원,"서울특별시 구로구 경인로 638, 101동 1층 3,4호 (신도림동, 신도림에스케이뷰)",,,신세대동물병원,,아프리카 동물병원,서울특별시 영등포구 시흥대로 647 (대림동)
성동동물종합병원,서울특별시 성동구 아차산로 75 (성수동2가),,,브라운동물병원,"서울특별시 노원구 동일로203가길 29 (중계동, 브라운스톤중계)",쿠키동물병원,,동물의왕국,서울특별시 송파구 마천로 263 (마천동),수동물병원,서울특별시 서초구 방배중앙로 149 (방배동),365동물병원,서울특별시 도봉구 방학로 54 (방학동),페트로동물의료원,"서울특별시 동대문구 장한로 77, 가나빌딩 (장안동)",난곡서울동물병원,,리즈동물병원,"서울특별시 양천구 목동중앙로 43 (목동,106호)",사랑의 동물병원,"서울특별시 강북구 솔샘로 184, 에스케이북한산시티 상가동 2동 209호 (미아동)",애플동물병원,,,,다음동물병원,서울특별시 중랑구 용마산로 373 (면목동),A+ 동물병원,,프로동물병원,서울특별시 강남구 도곡로83길 8 (대치동),이상윤동물병원,서울특별시 용산구 이촌로 248 (이촌동),한마음동물병원,,한수24시동물병원,"서울특별시 은평구 증산로 267, 103호 (증산동)",신촌동물병원,서울특별시 마포구 신촌로 108 (노고산동),나래동물병원,서울특별시 광진구 능동로 283 (군자동),쿨펫동물병원,"서울특별시 구로구 구로중앙로 134 (구로동,나인스에비뉴 지하1층 커뮤니티죤)",,,박형우동물병원,"서울특별시 강동구 올림픽로 568, EMK빌딩 2층 (성내동)",(주)러브펫동물병원,"서울특별시 영등포구 영중로 15, 지하1층 102호 (영등포동4가, 타임스퀘어)"
성동제일동물병원,서울특별시 성동구 아차산로 75 (성수동2가),,,수락 동물병원,"서울특별시 노원구 동일로 1622 (상계동, 유성상가)",원동물병원,서울특별시 동작구 사당로 180 (사당동),한성종합동물병원,서울특별시 송파구 백제고분로48길 6 (방이동),내방동물병원,"서울특별시 서초구 서초대로 108, 2층 (방배동)",하비동물병원,"서울특별시 도봉구 노해로65길 14, 1층, 지층 (창동, 영일빌딩)",하나동물병원,서울특별시 동대문구 망우로 66 (휘경동),해오름동물병원,,참사랑동물병원,서울특별시 양천구 목동남로4길 6-11 (신정동),24시 루시드 동물메디컬센터,"서울특별시 강북구 월계로 3, 덕신빌딩 4층 (미아동)",중앙동물병원,서울특별시 성북구 돌곶이로 56 (석관동),,,숲속동물병원,"서울특별시 중랑구 겸재로 207, 1층 (면목동)",초콜릿종합동물병원,서울특별시 서대문구 응암로 117 (북가좌동),큐빌론동물병원,,이촌종합동물병원,"서울특별시 용산구 이촌로 248, 21동106-1호 (이촌동, 한강맨션)",폭시펫동물병원,,로얄동물병원,서울특별시 은평구 연서로 137 (구산동),프란다스동물의료센타,서울특별시 마포구 대흥로 24 (용강동),행복한 동물병원,,캥거루 동물병원,서울특별시 구로구 오류로 55 (오류동),,,이숍동물병원,,수 동물병원,
바른동물병원,"서울특별시 성동구 독서당로 270, 상가동 2층 206호 (금호동4가, 금호동 대우아파트)",,,화랑동물병원,서울특별시 노원구 화랑로 473 (공릉동),세인트필립 동물병원,"서울특별시 동작구 남부순환로267길 5 (사당동,102호)",서울동물의료원,,24시열린동물병원,"서울특별시 서초구 서초중앙로 99 (서초동,1층)",별난동물병원,"서울특별시 도봉구 도봉로 603, 1층, 지층 (쌍문동)",봄봄동물병원,서울특별시 동대문구 회기로18길 46 (회기동),동물은 내친구,,비비펫 동물병원,,24시루시드동물메디컬센터,"서울특별시 강북구 월계로 3, 덕신빌딩 4층 (미아동)",24시 북악동물병원,서울특별시 성북구 정릉로 272-9 (정릉동),,,진영동물병원,,우노동물병원,"서울특별시 서대문구 북아현로 40, 110호 (북아현동,경남아파트상가)",아름동물병원,,칼리스동물병원,,베스트동물병원,서울특별시 강서구 까치산로 30 (화곡동),연신내동물병원,서울특별시 은평구 연서로 260 (불광동),마리동물병원,서울특별시 마포구 신촌로 16 (동교동),한강시민동물병원,,아이러브펫동물병원(신도림점),"서울특별시 구로구 경인로 661, 홈플러스 신도림점 지하1층 (신도림동)",,,폭시팻동물병원,,온누리 종합동물병원,"서울특별시 영등포구 도신로 186 (신길동,2층)"
기린동물병원,서울특별시 성동구 마장로 296 (마장동),,,시티펫종합동물병원,서울특별시 노원구 상계로 113 (상계동),유케어종합동물병원,서울특별시 동작구 상도로 214 (상도동),엄마손동물병원,,한국수의과학연구소부설동물병원,"서울특별시 서초구 신반포로47길 18-6 (잠원동,1층)",도봉동물병원,서울특별시 도봉구 도봉로 763 (도봉동),아인스동물병원,서울특별시 동대문구 장한로 44 (장안동),쥬쥬종합동물병원,,행복한 동물병원,서울특별시 양천구 공항대로 636 (목동),아이사랑동물병원,"서울특별시 강북구 삼양로24길 19, 102동 110호 (미아동, 현대성우아파트)",비비펫 동물병원,서울특별시 성북구 화랑로 91 (하월곡동),,,칸동물병원,,예일동물병원,서울특별시 서대문구 거북골로 13 (홍은동),개포베스트동물병원,서울특별시 강남구 선릉로 42 (개포동),갤러리동물병원,"서울특별시 용산구 회나무로 43 (이태원동,불럭)",화이트동물병원,"서울특별시 강서구 강서로 341 (내발산동, 창대교회)",허브종합동물병원,,다솔동물병원,서울특별시 마포구 월드컵로 122 (성산동),보람동물병원,서울특별시 광진구 군자로 84 (군자동),벨라동물병원,"서울특별시 구로구 구로중앙로34길 30, 진명빌딩 (구로동)",,,행복동물병원,,포레스트동물병원,"서울특별시 영등포구 영중로 145, 1층 114호 (영등포동8가, 삼환상가)"
왕십리조은동물병원,서울특별시 성동구 왕십리로 381 (하왕십리동),,,혜원동물병원,서울특별시 노원구 동일로 1015 (공릉동),흑석동물병원,서울특별시 동작구 현충로 100 (흑석동),문정종합동물병원,서울특별시 송파구 동남로 202 (가락동),잠원동물병원,,방학동물외과센터,"서울특별시 도봉구 도봉로 723, 3층 (방학동)",아띠동물의료센터,서울특별시 동대문구 사가정로 51 (전농동),세인트필립동물병원,서울특별시 관악구 남부순환로 2062 (남현동),덕터펫 동물병원,,,,보성통증동물병원,"서울특별시 성북구 보국문로 68-1, 정호빌딩 1층 (정릉동)",,,진영동물병원,,우노동물병원,"서울특별시 서대문구 북아현로 40 (북아현동,경남아파트상가 110호)",수서동물병원,"서울특별시 강남구 광평로31길 27 (수서동,삼성(아)상가 101동 4호)",후암동물병원,,주주24시종합동물병원,"서울특별시 강서구 금낭화로 60 (방화동, 서우빌딩)",사랑가득동물병원,,로얄벳동물병원,"서울특별시 마포구 월드컵로 240 (성산동,월드컵경기장내 2층)",기린동물종합병원,서울특별시 광진구 뚝섬로 609-1 (자양동),24시 명동물병원,서울특별시 구로구 고척로21길 13 (개봉동),,,이솝동물병원,,유석동물병원,서울특별시 영등포구 여의대방로 11 (신길동)
24시LC동물의료센터,서울특별시 성동구 천호대로 288 (용답동),,,유림동물병원,"서울특별시 노원구 월계로45길 28 (월계동, 월계아파트형공장)",이수동물병원,"서울특별시 동작구 사당로23나길 30 (사당동,1층)",Di.J동물병원,,엔터펫 종합동물병원,서울특별시 서초구 반포대로21길 23 (서초동),이엔김동물병원,"서울특별시 도봉구 마들로 664, 2층 (도봉동, 킴스타워)",스마트동물병원,"서울특별시 동대문구 한천로 164, 1층 (장안동)",와우종합동물병원,서울특별시 관악구 난곡로 247 (신림동),파란종합 동물병원,서울특별시 양천구 신월로 149 (신월동),,,ZOO동물병원,"서울특별시 성북구 정릉로 328, 1층 (정릉동)",,,로얄동물메디컬센터,서울특별시 중랑구 망우로 247 (중화동),한스동물병원,서울특별시 서대문구 증가로 111 (남가좌동),애니파크동물병원,"서울특별시 강남구 언주로 118 (도곡동,우성캐릭터119 상가128호)",쿨펫동물병원,,바이오벳,"서울특별시 강서구 방화대로7길 13 (공항동, 영광익스프레스)",은평동물병원,서울특별시 은평구 서오릉로 86 (대조동),연남동물병원,,스타동물의료센터,서울특별시 광진구 능동로 49 (자양동),안정택동물병원,"서울특별시 구로구 천왕로 106, 골드프라자 201호 (오류동)",,,신세대동물병원,,Dr.홍 동물병원,"서울특별시 영등포구 선유로 59, 105호 (문래동6가)"
텐즈힐링동물병원,"서울특별시 성동구 마장로 137, 221동 134호 (상왕십리동, 텐즈힐몰)",,,우솔동물병원,서울특별시 노원구 화랑로 349 (월계동),야셀동물병원,서울특별시 동작구 동작대로23길 8 (사당동),메디텍코리아,,펫스테이션 클리닉센터,,트윈스동물병원,서울특별시 도봉구 도봉로110다길 20 (창동),현대종합동물병원,"서울특별시 동대문구 답십리로 293, 1층 (장안동)",로잔동물의료센터,"서울특별시 관악구 관악로29길 3, 수안빌딩 1층 (봉천동)",닥터펫 동물병원,,,,펫케어동물병원,서울특별시 성북구 동소문로 273 (길음동),,,진영동물병원,"서울특별시 중랑구 동일로96길 33, 바하피아노학원 (면목동)",A+동물병원,"서울특별시 서대문구 연희로 114 (연희동, 내풍빌딩)",메리야사랑해동물병원,,쿨펫동물병원,,도그플러스 동물병원,"서울특별시 강서구 화곡로 398 (등촌동, 삼성홈플러스강서점)",참조은동물병원,,행복한 동물병원,"서울특별시 마포구 월드컵북로 224 (성산동,청화상가 104호)",애플동물병원,서울특별시 광진구 천호대로 642-1 (능동),북극곰동물병원,서울특별시 구로구 오리로 1271 (궁동),,,신세대동물병원,,I-pet 동물병원,"서울특별시 영등포구 여의동로3길 10 (여의도동,자이상가 501동 109호)"
SL동물병원,"서울특별시 성동구 왕십리로 340, 1층 (도선동)",,,(주)한빛종합동물병원,서울특별시 노원구 동일로 1370 (상계동),정겨운동물병원,서울특별시 동작구 상도로 315 (상도1동),서울동물의료원,"서울특별시 송파구 백제고분로 195 (삼전동,지하1,지상1층)",두코동물병원,,이n김동물병원,"서울특별시 도봉구 마들로 664, 킴스타워 (도봉동)",바론동물병원,"서울특별시 동대문구 이문로 136, 2층 208호 (이문동, 이문동 웰츠타워)",서울허브동물병원,"서울특별시 관악구 남부순환로 1811, 신원메트로빌 (봉천동)",다솜동물병원,,,,포유동물병원,서울특별시 성북구 오패산로 22 (하월곡동),,,면목동물병원,서울특별시 중랑구 사가정로 363 (면목동),가재울봉쥬르동물병원,서울특별시 서대문구 거북골로 178 (북가좌동),SIC동물병원,"서울특별시 강남구 학동로101길 26 (청담동,삼익아파트상가 149호)",금강동물병원,"서울특별시 용산구 이촌로 303, 21동 112호 (이촌동, 현대아파트)",호서동물의료센터,"서울특별시 강서구 강서로 420 (등촌동, 서울호서전문학교)",쿨펫동물병원,,파티마동물병원,,로엘동물병원,서울특별시 광진구 뚝섬로 622-1 (자양동),24시 명동물메디컬센터,"서울특별시 구로구 남부순환로 775 (개봉동, 개봉푸르지오)",,,성내동물병원,,왈츠동물병원,서울특별시 영등포구 가마산로 324 (대림동)
펫365동물병원,서울특별시 성동구 독서당로 328 (금호동4가),,,웰리스 동물병원,"서울특별시 노원구 섬밭로 258 (중계동, 건영옴니백화점)",굿파파 24시 반려동물건강검진센터,"서울특별시 동작구 사당로 289, 1층 및 2층 (사당동)",가람종합동물병원,서울특별시 송파구 오금로 494 (거여동),한강동물병원서초점,"서울특별시 서초구 효령로 200 (서초동,문화빌딩 101호)",해봄동물병원,"서울특별시 도봉구 도봉로180길 28, 도봉투웨니퍼스트2단지 (도봉동)",더케이동물병원,"서울특별시 동대문구 답십리로 140, 세기프라자 2층 211호 (답십리동)",올포유동물병원,,Dr.Pet 동물병원,"서울특별시 양천구 목동서로 170 (목동,한국까르푸 1층)",,,우리동물병원,서울특별시 성북구 삼양로 84 (길음동),,,하니동물병원,"서울특별시 중랑구 신내로 225, 디아뜨갤러리 142호 (신내동)",두리틀동물병원,서울특별시 서대문구 응암로 66 (북가좌동),대치베스트,,라온동물병원,서울특별시 용산구 회나무로13길 6 (이태원동),세인트동물병원,서울특별시 강서구 강서로 36 (화곡동),드림펫동물병원,,연세종합동물병원,서울특별시 마포구 마포대로11길 7-18 (공덕동),아라우나동물병원,서울특별시 광진구 뚝섬로 548 (자양동),드림동물병원,"서울특별시 구로구 중앙로8길 11, 109동 5호 (고척동, 고척월드메르디앙)",,,Dr.심 동물병원,,도그플러스동물병원,"서울특별시 영등포구 당산로 42, 4층 (문래동3가, 삼성홈플러스빌딩)"
해치동물병원,"서울특별시 성동구 독서당로 434, 308호 (응봉동, 대림종합상가)",,,로얄벳 동물병원,,나무동물병원,"서울특별시 동작구 흑석한강로 2, 1층 105호 (흑석동)",25시동물병원,,메디펫 동물병원,서울특별시 서초구 효령로 384 (서초동),태일동물종합병원,서울특별시 도봉구 해등로 184 (쌍문동),현대종합동물병원,"서울특별시 동대문구 답십리로 293, 1층 (장안동)",서울대학교 수의과대학 동물병원,서울특별시 관악구 관악로 1 (신림동),일오삼동물병원,서울특별시 양천구 지양로 52 (신월동),,,24시 애니동물병원,서울특별시 성북구 보문로 99 (보문동5가),,,한국동물메디컬센터(KAMC),"서울특별시 중랑구 겸재로 165, 1,2층 (면목동)",양하무역 산업동물병원,서울특별시 서대문구 신촌로1길 42 (창천동),파랑새청담종합동물병원,서울특별시 강남구 도산대로 523 (청담동),아프리카동물병원,서울특별시 용산구 후암로 32 (후암동),송정종합동물병원,"서울특별시 강서구 공항대로 19 (공항동, 송정동물병원)",튼튼동물병원,서울특별시 은평구 진흥로 17 (역촌동),박창석종합동물병원,서울특별시 마포구 도화길 42 (도화동),노룬산동물병원,서울특별시 광진구 뚝섬로 462 (자양동),마음동물병원,"서울특별시 구로구 오리로 1271 (궁동, 동광빌라)",,,왈왈동물병원,,영등포동물병원,서울특별시 영등포구 영등포로 131-2 (당산동1가)
오석헌동물병원,"서울특별시 성동구 매봉길 13, 1층 420호 (옥수동, 래미안옥수리버젠상가)",,,라라Q동물병원,서울특별시 노원구 공릉로 153 (공릉동),우리아이동물병원,"서울특별시 동작구 상도로 262, 1층 및 2층 (상도동)",올림픽동물병원,,포포즈동물의료센터,"서울특별시 서초구 동작대로 36, 1,2층 (방배동, 대광빌딩)",둘리동물병원,서울특별시 도봉구 도봉로 506 (창동),하이유 동물병원,서울특별시 동대문구 전농로 15-3 (답십리동),서진동물병원,서울특별시 관악구 봉천로 236 (신림동),펫서비스동물병원,서울특별시 양천구 목동로 17 (신정동),,,VIP 동물의료센터,"서울특별시 성북구 동소문로 73, 1층 (동소문동6가, 시티플레이스)",,,왈츠동물병원,"서울특별시 중랑구 신내로 45, 103호 (신내동)",예일동물병원,서울특별시 서대문구 거북골로 13 (홍은동),주주동물종합병원,"서울특별시 강남구 선릉로 412, 1층 (대치동)",쿨펫동물병원,,이솝동물병원,서울특별시 강서구 금낭화로 51-1 (방화동),허브종합동물병원,,상암동물병원,서울특별시 마포구 월드컵북로 336 (상암동),에디슨동물병원,서울특별시 광진구 아차산로 530 (광장동),허브동물병원,"서울특별시 구로구 구일로10길 27, SK허브수 B동 2층 5호 (구로동)",,,신세대동물병원,,펫가든동물병원,"서울특별시 영등포구 영중로 125, 빅마켓 1층 (영등포동8가)"
제인동물병원,서울특별시 성동구 뚝섬로 395 (성수동2가),,,이앤박동물병원,서울특별시 노원구 한글비석로52길 18 (상계동),굿모닝동물병원,서울특별시 동작구 상도로 303 (상도1동),박형우동물병원,서울특별시 송파구 올림픽로 553 (풍납동),(주)펫프렌즈 반포동물병원,,강북우리동물의료센터,서울특별시 도봉구 도봉로 586 (창동),아인스동물병원,"서울특별시 동대문구 장한로 44, 1층 (장안동)",프렌즈동물병원,서울특별시 관악구 관악로 223 (봉천동),행복한동물병원,서울특별시 양천구 공항대로 636 (목동),,,정 동물병원,서울특별시 성북구 정릉로27길 9 (정릉동),,,닥터 아이펫 동물병원,"서울특별시 중랑구 망우로 315, 2층 (상봉동)",햇살동물병원,"서울특별시 서대문구 가재울미래로 2, 상가403, 상가404동 108호 (남가좌동, DMC파크뷰자이)",바우앤뮤동물병원,,엉클장동물병원,"서울특별시 용산구 백범로 341, A동 지상1층 106호 (원효로1가, 리첸시아 용산)",한사랑동물병원,서울특별시 강서구 화곡로 293 (화곡동),드림펫동물병원,,동물병원 가는날,,혜민동물병원,,드림동물병원,"서울특별시 구로구 중앙로8길 11, 109동 5호 (고척동, 고척 월드메르디앙)",,,해맑은동물병원,"서울특별시 강동구 성안로 170, 104호 (길동, 에이치비골드빌)",24시 수동물메디컬센터,서울특별시 영등포구 영등포로 85-1 (양평동1가)
동물병원소풍,"서울특별시 성동구 금호로 173, 상가동 1층 24호 (금호동2가, 신금호파크자이)",,,아란종합동물병원,서울특별시 노원구 월계로 333 (월계동),흑석24시동물병원,서울특별시 동작구 현충로 92 (흑석동),송파동물의료센터,서울특별시 송파구 송파대로 378 (송파동),21세기동물병원,,둘리동물병원,서울특별시 도봉구 도봉로 506 (창동),아이원 동물병원,"서울특별시 동대문구 전농로 80, 1층 (답십리동)",은천동물병원,서울특별시 관악구 은천로 22 (봉천동),미니주동물병원,서울특별시 양천구 목동중앙북로 37 (목동),,,옥완 동물병원,"서울특별시 성북구 길음로 74 (길음동, 길음뉴타운상가 2동110호)",,,도그플러스 동물병원,"서울특별시 중랑구 신내로 201, 2층 (신내동, 홈플러스)",헬로우동물병원,서울특별시 서대문구 연희로 178 (연희동),퍼피즌동물병원,,펫동물병원,"서울특별시 용산구 백범로 285, 지상1층 (효창동)",스누피동물병원,"서울특별시 강서구 강서로 313 (내발산동, 삼창빌딩)",이강신동물병원,서울특별시 은평구 증산서길 132 (증산동),쿨펫동물병원,"서울특별시 마포구 월드컵로 240 (성산동,월드컵경기장 2층)",준동물병원,서울특별시 광진구 뚝섬로 541 (자양동),구로다나은동물병원,"서울특별시 구로구 신도림로 7, 1층 110호 (신도림동)",,,정동물병원,서울특별시 강동구 상암로 64 (천호동),한가람동물의료센터,서울특별시 영등포구 도신로 252 (신길동)
금호동물병원,"서울특별시 성동구 금호로 105, 비201호 (금호동2가, 래미안하이리버 상가동)",,,스마일플러스동물병원,"서울특별시 노원구 동일로 1051 (공릉동, 영운빌딩 1층)",동물병원스몰빌,"서울특별시 동작구 흑석한강로 27, 흑석한강푸르지오아파트 상가-B의 B동 B102호 (흑석동)",동물의왕국,서울특별시 송파구 마천로 263 (마천동),닥터캣연구원 동물병원,"서울특별시 서초구 효령로53길 45 (서초동,이오빌1505호)",도담동물병원,"서울특별시 도봉구 도봉로 875, 1층 (도봉동)",,,관악동물종합병원,서울특별시 관악구 남부순환로 1859 (봉천동),행복동물병원,"서울특별시 양천구 목동서로 77 (목동,현대월드상가 101-1)",,,태양 동물병원,서울특별시 성북구 돌곶이로 31 (석관동),,,행복이 있는 동물병원,"서울특별시 중랑구 봉화산로 232, B동 1층 (신내동)",독립문동물병원,서울특별시 서대문구 통일로 171-1 (냉천동),퍼피앤조이동물병원,,(주)이상윤동물병원,"서울특별시 용산구 이촌로 248, 105호 (이촌동, 한강맨션)",송정종합동물병원,"서울특별시 강서구 공항대로 19 (공항동, 송정동물병원)",한빛동물병원,,용강동물병원,,서울어린이대공원동물병원,서울특별시 광진구 능동로 216 (능동),고척원동물의료센터,"서울특별시 구로구 경인로 403, 원메디타운 2층 201호 (고척동)",,,에코바이오동물병원,,미소로동물병원,서울특별시 영등포구 영신로 238 (영등포동8가)
신당햇살동물병원,"서울특별시 성동구 행당로1길 23, 1층 (금호동1가)",,,웰리스동물병원(월계점),서울특별시 노원구 마들로3길 15 (월계동),주포드동물병원,서울특별시 동작구 현충로 150 (흑석동),엄마손동물병원,서울특별시 송파구 가락로 62 (석촌동),두코동물병원,"서울특별시 서초구 사평대로53길 27 (반포동,1층)",도담동물병원,서울특별시 도봉구 도봉로 875 (도봉동),,,고려동물병원,서울특별시 관악구 시흥대로 552-1 (신림동),닥터펫동물병원,"서울특별시 양천구 목동서로 170 (목동,2층)",,,쓰담쓰담 동물병원,서울특별시 성북구 종암로 113 (종암동),,,보담동물병원,"서울특별시 중랑구 용마산로 434 (면목동, 청파빌딩)",어울림동물병원,"서울특별시 서대문구 가재울미래로 2 (남가좌동, DMC파크뷰자이)",펫프렌즈 동물의료센터,"서울특별시 강남구 남부순환로 2912 (대치동,우성APT상가 B110호)",펫프렌즈동물병원용산점,,24시 동물병원,"서울특별시 강서구 강서로18길 15 (화곡동, 24시편의점)",야옹동물병원,서울특별시 은평구 응암로 286 (응암동),웰케어동물병원,서울특별시 마포구 월드컵북로 27 (서교동),반디동물병원,서울특별시 광진구 능동로 18 (자양동),서울동물복지지원센터 동물병원(구로),"서울특별시 구로구 경인로 472, 서울반려동물교육센터 (구로동)",,,에바다종합동물병원,,여의도동물병원은하점,"서울특별시 영등포구 국제금융로 108, 4층 (여의도동, 은하빌딩)"
포레동물병원,"서울특별시 성동구 성수일로 33, 1층 (성수동1가, 정인숙보습학원)",,,노원24시N동물의료센터,서울특별시 노원구 노원로 456 (상계동),상도힐링동물병원,"서울특별시 동작구 상도로 353, 1층 (상도동)",밍키종합동물병원,서울특별시 송파구 송이로 95 (가락동),우면동물병원,"서울특별시 서초구 바우뫼로7길 8, 201호 (우면동,우면세신상가)",연동물병원펫샵,서울특별시 도봉구 도봉로 791 (도봉동),,,예일동물병원,서울특별시 관악구 봉천로 232 (신림동),리더스 동물병원,서울특별시 양천구 신목로 78 (신정동),,,마로동물병원,"서울특별시 성북구 동소문로44길 43 (하월곡동, 성북힐스테이트 101동112호)",,,동물수술전문센터,"서울특별시 중랑구 망우로 247, 1층 (중화동, 로얄스포츠센터)",오즈동물병원,"서울특별시 서대문구 증가로 150, 100동 B209, B210호 (남가좌동)",베스트동물병원,"서울특별시 강남구 도곡로 447 (대치동,외1필지)",차오름동물병원,서울특별시 용산구 효창원로 14 (산천동),굿모닝동물병원,"서울특별시 강서구 방화대로47가길 7 (방화동, 방화샤르망1오피스텔)",쿨펫동물병원,,와우동물병원,서울특별시 마포구 월드컵북로 167 (성산동),웰니스클리닉 동물병원,서울특별시 광진구 아차산로 272 (자양동),항동푸른숲동물병원,"서울특별시 구로구 항동로3길 4, 와이제이프라자 104, 204호 (항동)",,,주양동물병원,,여의도동물병원대교점,"서울특별시 영등포구 여의대방로 417, 113호 (여의도동, 대교A상가)"
스테이동물병원,"서울특별시 성동구 매봉길 50 (옥수동, 이편한세상옥수파크힐스)",,,중계이오동물병원,"서울특별시 노원구 한글비석로 245 (중계동, 두타빌 A동 111,112호)",보라매웰종합동물병원,"서울특별시 동작구 상도로 16, 1층 (대방동)",방이동물병원,서울특별시 송파구 가락로 259 (방이동),사랑의동물병원,서울특별시 서초구 마방로6길 18 (양재동),현대종합동물병원,"서울특별시 도봉구 도봉로 669, 1층 (방학동)",,,닥터킴 동물병원,"서울특별시 관악구 은천로 97, 공원빌딩 (봉천동)",우리들 동물메디컬 센터,"서울특별시 양천구 목동로 161 (신정동, 덕수프라자)",,,호담동물병원,서울특별시 성북구 동소문로 302 (하월곡동),,,한국동물영상의학센터,"서울특별시 중랑구 망우로 241, 지하1층 (중화동, 영해빌딩)",강앤정 동물병원,"서울특별시 서대문구 가재울미래로 2, 204동 1층 102-2,103-1호 (남가좌동, DMC파크뷰자이)",더독동물병원,,러브펫동물병원,"서울특별시 용산구 한강대로23길 55, 5층 (한강로3가, 아이파크몰 패션관)",다나동물병원,"서울특별시 강서구 강서로 254 (화곡동, 우장산아이파크이편한세상)",예스동물병원,서울특별시 은평구 통일로 691 (녹번동),공덕 건강한 동물병원,,혜민동물병원,서울특별시 광진구 자양로15길 48 (자양동),올리브동물병원,"서울특별시 구로구 중앙로 64, 고척프라자 (고척동)",,,신세대동물병원,,미소로동물병원,"서울특별시 영등포구 영신로 238, 미소로 1, 2층 107, 204호 (영등포동8가)"
바라봄동물병원,"서울특별시 성동구 왕십리로 410, 127동 지하층 030호 (하왕십리동, 센트라스)",,,펫가든,서울특별시 노원구 노원로 330 (중계동),지엔동물병원,서울특별시 동작구 상도로 195 (상도동),건국동물병원,서울특별시 송파구 백제고분로 214 (삼전동),한 동물병원,서울특별시 서초구 동산로 66 (양재동),빛가온동물병원,"서울특별시 도봉구 마들로 695, 1층 (도봉동)",,,행복한동물병원,서울특별시 관악구 인헌6길 15 (봉천동),쿨펫동물병원,"서울특별시 양천구 목동동로 309 (목동,행복한세상백화점 지하2층)",,,꿈의숲동물병원,"서울특별시 성북구 돌곶이로 220, 105동 112호 (장위동, 꿈의숲코오롱하늘채아파트)",,,중랑차 동물병원,서울특별시 중랑구 중랑천로 81 (상봉동),에이플러스 동물병원,"서울특별시 서대문구 연희로 114, 내풍빌딩 지층 (연희동)",서경석동물병원,"서울특별시 강남구 일원로3길 38, 1층 (일원동)",달래동물의료센터,"서울특별시 용산구 한남대로 76, 한남프라자 2층 (한남동)",느보동물병원,서울특별시 강서구 강서로7길 104 (화곡동),펫프렌즈동물병원 은평,,웨스턴 동물의료센터,"서울특별시 마포구 신촌로 110, 지상1,2,8층 및 지하1,2층 웨스턴5빌딩 (노고산동)",나루동물병원,서울특별시 광진구 아차산로 537-17 (광장동),,,,,성내동물병원,,선유동물병원,서울특별시 영등포구 양평로 106 (양평동4가)
다온동물병원,"서울특별시 성동구 왕십리로 410 (하왕십리동, 센트라스)",,,엔젤동물병원,서울특별시 노원구 동일로 1104 (공릉동),캐나다동물병원,서울특별시 동작구 상도로 111 (상도동),봄빛동물병원,서울특별시 송파구 송이로 171 (가락동),잠원동물병원,,이n김동물병원,"서울특별시 도봉구 마들로 664, 킴스타워 2층 (도봉동)",,,관악동물종합병원,서울특별시 관악구 남부순환로 1859 (봉천동),닥터펫 동물병원,"서울특별시 양천구 목동서로 170 (목동,홈에버 목동점 1층)",,,도담도담동물병원,"서울특별시 성북구 화랑로 76 (하월곡동, 코업스타클래스 1층)",,,힐링페츠,"서울특별시 중랑구 답십리로77길 33, 1층 (면목동)",위드 동물병원,"서울특별시 서대문구 응암로 76, 102호 (북가좌동)",나래동물병원,,보광동물병원,서울특별시 용산구 보광로 22-1 (보광동),서서울동물병원,서울특별시 강서구 양천로 667 (염창동),한빛동물병원,"서울특별시 은평구 진관4로 87, 629동 116호 (진관동, 은평뉴타운상림마을)",파크동물병원(animal. C),"서울특별시 마포구 마포대로 173, 110호 (공덕동,마포 현대하이엘)",다온동물병원,서울특별시 광진구 면목로 142 (중곡동),,,,,신세대동물병원,,이든동물의료센터,"서울특별시 영등포구 양평로 5, 1층,2층 (당산동5가, 천우빌딩)"
달링동물병원,"서울특별시 성동구 왕십리로 16 (성수동1가, 트리마제)",,,e-동물병원,서울특별시 노원구 석계로9길 29 (월계동),나을동물병원,"서울특별시 동작구 사당로 196, 1층 102호 (사당동, 거묵프리미엄 상가)",강남종합동물병원,서울특별시 송파구 오금로 168 (송파동),서울동물병원,"서울특별시 서초구 효령로 229 (서초동,(지상1층))",블루핀동물병원,"서울특별시 도봉구 마들로 548, 102, 103호 (창동)",,,서울대학교 수의과대학 동물병원,"서울특별시 관악구 관악로 1 (신림동, 서울대학교)",햇살동물병원,서울특별시 양천구 월정로 46 (신월동),,,카카오 N 동물병원,"서울특별시 성북구 길음로 33 (길음동, 길음뉴타운 제상가비동 제지2층 25호)",,,아이봄 동물병원,서울특별시 중랑구 신내로 66 (신내동),헬로우 동물병원,"서울특별시 서대문구 연희로 178, 1층 (연희동)",그레이시 동물병원,"서울특별시 강남구 도산대로 312 (논현동,2층)",민트동물병원,"서울특별시 용산구 원효로 51, 119호 (산천동, 삼성테마트)",서울축산농협동물병원,"서울특별시 강서구 양천로 574 (등촌동, 축협)",구파발동물병원,서울특별시 은평구 진관2로 57-7 (진관동),하늘 동물병원,"서울특별시 마포구 포은로 64 (망원동,1층)",혜민동물병원,"서울특별시 광진구 자양로15길 48, 1층 (자양동)",,,,,주양동물병원,서울특별시 강동구 고덕로62길 55 (명일동),위즈펫동물병원VIC영등포점,서울특별시 영등포구 영중로 125 (영등포동8가)
수동물병원,서울특별시 성동구 광나루로 337 (송정동),,,주식회사 노원24시동물의료센터,"서울특별시 노원구 노원로 408, (주)노원24시동물의료센터 1층 (상계동)",유케어종합동물병원,"서울특별시 동작구 상도로 214, 성은빌딩 1층 (상도동)",올림픽동물병원,"서울특별시 송파구 강동대로 320 (방이동,G상가105호)",이상록동물병원,"서울특별시 서초구 나루터로 37, 신사쇼핑센터 1층 102-2호 (잠원동)",,,,,재활한방 나눔동물병원,서울특별시 관악구 남부순환로 1964 (봉천동),킴스동물병원,,,,강북 24시 N 동물의료센터,서울특별시 성북구 삼양로4길 3 (길음동),,,치료해 주오,"서울특별시 중랑구 동일로 925, 3층 (묵동)",그녀의 동물병원,"서울특별시 서대문구 성산로 333, 노엘 2층 (연희동)",영동동물병원,,펫프렌즈동물병원용산점,"서울특별시 용산구 한강대로23길 55, 지하2층 (한강로3가)",파스텔동물병원,"서울특별시 강서구 화곡로 112, 1층 (화곡동)",펫프렌즈동물병원 은평,,동물메디컬센터w,서울특별시 마포구 월드컵로 46 (서교동),자양동물병원,서울특별시 광진구 뚝섬로52길 4 (자양동),,,,,한나동물병원,,여의도동물병원대교점,"서울특별시 영등포구 여의대방로 417, 113호 (여의도동, 대교아파트상가)"
바우라움동물병원,"서울특별시 성동구 왕십리로 241, 4층 (행당동, 서울숲 더샵)",,,웰리스동물병원(월계점),"서울특별시 노원구 마들로3길 15, 2층 (월계동, 이마트 )",엘'S동물병원,"서울특별시 동작구 동작대로39길 22, 209동 116호117호 (동작동, 이수힐스테이트)",동물의왕국동물병원,서울특별시 송파구 마천로 263 (마천동),엔터펫동물병원,"서울특별시 서초구 효령로49길 52 (서초동,지상1층)",,,,,아이러브펫동물병원,"서울특별시 관악구 과천대로 909, 남현프라자 (남현동)",행복한세상동물병원,서울특별시 양천구 목동동로 309 (목동),,,넬 동물의료센터,서울특별시 성북구 오패산로 75-1 (하월곡동),,,,,링크동물의료센터,"서울특별시 서대문구 신촌로 209, 1,2층 (북아현동)",양현국동물병원,,이태원동물병원,"서울특별시 용산구 녹사평대로 210, 지상1,2층 (이태원동)",펫프렌즈동물병원,,사랑이가득한동물병원,서울특별시 은평구 서오릉로 94 (대조동),구림동물병원,,드림펫 동물병원,"서울특별시 광진구 능동로 407, 2층 (중곡동)",,,,,필립동물병원,,여의도동물병원은하점,"서울특별시 영등포구 국제금융로 108, 4층 (여의도동, 은하빌딩)"
베이지동물병원,"서울특별시 성동구 왕십리로 410, D동 106호 (하왕십리동, 센트라스)",,,메인동물메디컬센터,서울특별시 노원구 동일로 1025-1 (공릉동),품 동물병원,서울특별시 동작구 양녕로 277-1 (상도1동),훼밀리동물병원,,21세기동물병원,"서울특별시 서초구 강남대로83길 23 (반포동,지상1층)",,,,,난향동물병원,"서울특별시 관악구 난곡로 98, B동 B05호 (신림동, 파로스프라자)",대현동물병원,서울특별시 양천구 목동중앙본로 113 (목동),,,앙리동물병원,"서울특별시 성북구 성북로 66, 1층 (성북동)",,,,,,,치료멍멍동물병원,서울특별시 강남구 도산대로 309 (신사동),동물병원 메이,"서울특별시 용산구 대사관로 41, 지상2층 (한남동)",오즈동물병원,서울특별시 강서구 강서로45길 28 (내발산동),뉴타운동물병원,서울특별시 은평구 진관3로 70 (진관동),이리온 동물병원,서울특별시 마포구 월드컵북로 151 (성산동),건국사랑동물병원,서울특별시 광진구 뚝섬로 636 (자양동),,,,,펫클럽동물병원,,아프리카동물병원,"서울특별시 영등포구 시흥대로 647, 1층 (대림동)"
오늘동물병원,"서울특별시 성동구 왕십리로 104, 영화빌딩 2층 (성수동1가)",,,한국동물암센터,"서울특별시 노원구 노원로 408, (주)노원24시동물의료센터 2, 4층 (상계동)",다정다감동물병원,"서울특별시 동작구 만양로 11, 대화빌딩 1층 (상도동)",늘푸른동물병원,"서울특별시 송파구 마천로5길 16, 우일빌딩 (오금동)",예스동물병원,"서울특별시 서초구 서초대로 325 (서초동,지상1층)",,,,,비타민동물병원,서울특별시 관악구 인헌6길 8 (봉천동),리베 동물의료센터,서울특별시 양천구 목동로 231 (신정동),,,스마트동물병원 성북길음점,"서울특별시 성북구 길음로13길 22, 103호, 104호 (길음동, 길음7구역두산위브아파트)",,,,,,,퍼피앤조이동물병원,,심 동물병원,"서울특별시 용산구 이태원로20길 2-12, 1,2층 (이태원동)",쿨펫 동물병원,"서울특별시 강서구 양천로 559 (가양동, 가양이마트)",쿨펫동물병원 은평점,서울특별시 은평구 은평로 111 (응암동),토리 동물병원,서울특별시 마포구 서강로 79 (창전동),쿨펫동물병원,"서울특별시 광진구 아차산로 272, 지하1층 (자양동, 이마트 자양점)",,,,,천호25시동물병원,,경인동물의료센터,"서울특별시 영등포구 경인로 832, 1층 (영등포동, 대성빌딩)"
,,,,스마트동물병원,"서울특별시 노원구 노원로 470, 1층 (상계동, 금녕빌딩)",,,메디칼동물병원,,잠원동물병원,,,,,,마음동물병원,"서울특별시 관악구 봉천로 601, 1층 (봉천동)",쿨펫이마트목동점,"서울특별시 양천구 오목로 299 (목동,트라팰리스 1층)",,,포유동물병원,서울특별시 성북구 오패산로 22 (하월곡동),,,,,,,굿모닝 동물병원,서울특별시 강남구 학동로 413 (청담동),퍼스동물병원,"서울특별시 용산구 신흥로 54, 106호 (용산동2가, 북동연립)",가양쿨펫동물병원,"서울특별시 강서구 양천로 431 (가양동, 홈플러스가양점)",쿨펫 동물병원,서울특별시 은평구 불광로 20 (대조동),박효리군 동물병원,서울특별시 마포구 포은로 64 (망원동),양지동물병원,"서울특별시 광진구 자양로13길 61, 1층 (자양동)",,,,,펫클럽동물병원,"서울특별시 강동구 구천면로 428, 108호 (명일동, 센트로빌)",24시수동물메디컬센터,"서울특별시 영등포구 영등포로 85-1, 1층 (양평동1가)"
,,,,키움 동물병원,"서울특별시 노원구 노원로1길 9 (공릉동, 해중빌딩)",,,팔라스동물병원,서울특별시 송파구 백제고분로 131 (잠실동),반포동물병원,,,,,,세계로 고양이 전문의료센터,서울특별시 관악구 남부순환로 1497 (신림동),쿨펫이마트 목동점 동물병원,"서울특별시 양천구 오목로 299, 목동트라팰리스 (목동)",,,로이동물병원,서울특별시 성북구 아리랑로 27 (동소문동6가),,,,,,,양현국동물병원,"서울특별시 강남구 봉은사로 463 (삼성동,1층)",펫세상 동물병원,"서울특별시 용산구 한강대로23길 55 (한강로3가, 이마트 지하2층 내)",스마일동물병원,"서울특별시 강서구 수명로 74 (내발산동, 발산시티타워)",Dr.윤24시동물병원,서울특별시 은평구 통일로 817 (대조동),캣&덴탈 하이디 동물병원,"서울특별시 마포구 월드컵로3길 14, 123호 (합정동, 마포 한강 2차 푸르지오)",서울동물병원,"서울특별시 광진구 천호대로 623-1, 1층 (중곡동)",,,,,시온동물병원,서울특별시 강동구 천호대로 1057 (천호동),아람동물병원,"서울특별시 영등포구 도신로 225-1, 1층 (신길동, 정일빌딩)"
,,,,닥터스종합동물병원,"서울특별시 노원구 월계로 336, 1층 (월계동, 상천빌딩)",,,닥터제이동물병원,서울특별시 송파구 송파대로 451 (석촌동),우성메디펫동물병원,,,,,,동물병원 베를린,"서울특별시 관악구 남부순환로 1531 (신림동, 태광빌딩)",닥터펫 동물병원,,,,보람동물병원,서울특별시 성북구 장월로1길 57 (상월곡동),,,,,,,튼튼종합동물병원,서울특별시 강남구 도곡로 175 (역삼동),좋아서하는 동물병원,"서울특별시 용산구 백범로 341, B동 지상1층 113,114호 (원효로1가, 리첸시아 용산)",이츠동물병원,"서울특별시 강서구 강서로 330 (내발산동, 동아빌딩)",뉴타운동물병원,"서울특별시 은평구 진관3로 70 (진관동, 상림마을 821동 101호)",힐링 24시 동물병원,"서울특별시 마포구 백범로 205 (신공덕동, 펜트라우스)",우리동물병원,서울특별시 광진구 뚝섬로 636 (자양동),,,,,폭시펫동물병원,,여의도동물병원대교점,"서울특별시 영등포구 여의대방로 417, 113호 (여의도동)"
,,,,서정동물병원,"서울특별시 노원구 동일로 1626, 1층 (상계동)",,,25시동물의료센터,"서울특별시 송파구 삼전로 80, 남관빌딩 (삼전동)",다니엘동물병원,"서울특별시 서초구 효령로 214, 삼양빌딩 2층 (서초동)",,,,,이로동물병원,서울특별시 관악구 남부순환로 1678 (신림동),가나종합동물병원,"서울특별시 양천구 목동서로 77, 현대월드타워 160호 (목동)",,,성신동물병원,"서울특별시 성북구 아리랑로 18, 1층 101호 (동선동5가)",,,,,,,펫 마스터 동물병원,"서울특별시 강남구 도곡로 401 (대치동,롯데백화점 1층)",바다동물병원(Bada Animal Hospital),"서울특별시 용산구 서빙고로 67, 지하1층 비21호 (용산동5가, 파크타워)",THE좋은 동물병원,서울특별시 강서구 강서로 215 (화곡동),도그원 동물의료센터,"서울특별시 은평구 연서로29길 24, 지, 2층 (갈현동, 정운빌딩)",메세나프렌즈 동물병원,서울특별시 마포구 양화로 45 (서교동),좋은동물병원,"서울특별시 광진구 자양로 246, 202호 (구의동)",,,,,시이튼동물병원,,여의도 동물병원,"서울특별시 영등포구 국제금융로 108, 4층 (여의도동, 미라클빌딩)"
,,,,러브펫동물병원 중계점,"서울특별시 노원구 동일로204가길 12, 홈플러스 지하 2층 (중계동)",,,잠실종합동물병원,"서울특별시 송파구 송파대로 388, 창영빌딩 (송파동)",교대동물병원,"서울특별시 서초구 서초대로 325 (서초동,지상1층)",,,,,연세동물병원,서울특별시 관악구 봉천로 516 (봉천동),닥터펫동물병원,,,,더편한동물병원,"서울특별시 성북구 숭인로 50, 상가동 2203호 (길음동, 래미안길음센터피스)",,,,,,,우리집동물병원,"서울특별시 강남구 남부순환로 2737, 1층 (도곡동)",24시 시유동물메디컬센터,"서울특별시 용산구 이촌로64길 24, 지상1층 101호 (이촌동)",24시 안박동물병원,"서울특별시 강서구 양천로 510, 1층 101-1호 (등촌동, 현대프린스텔빌딩)",24시스마트동물메디컬센터,서울특별시 은평구 은평로 93 (응암동),24시 공덕종합동물병원,서울특별시 마포구 백범로 130 (염리동),우리동물병원,서울특별시 광진구 뚝섬로 636 (자양동),,,,,늘사랑동물병원,"서울특별시 강동구 고덕로 162, 101호 (명일동)",이든동물의료센터,"서울특별시 영등포구 양평로 5, 1,2층 (당산동5가, 성원빌딩)"
,,,,웰니스 동물병원,"서울특별시 노원구 마들로3길 15, 월계이마트 2층 (월계동)",,,메디펫동물병원,"서울특별시 송파구 성내천로 211 (마천동,우방아파트상가)",스누피동물병원,,,,,,더블유동물병원,서울특별시 관악구 은천로 85 (봉천동),닥터펫동물병원,"서울특별시 양천구 목동서로 170, 홈플러스목동점 (목동)",,,퍼스트동물병원,"서울특별시 성북구 한천로 713, 515동 상가 206,207호 (장위동, 래미안장위퍼스트하이)",,,,,,,해밀동물병원,,베이동물병원,"서울특별시 용산구 이촌로 248, 11동 102호 (이촌동, 한강맨션)",25시 도토리동물병원,서울특별시 강서구 허준로 121 (가양동),튼튼동물병원,서울특별시 은평구 진흥로 17 (역촌동),도화동물병원,서울특별시 마포구 삼개로 28 (도화동),로얄 도그앤캣 메디컬센터,"서울특별시 광진구 능동로 49 (자양동, 영지빌딩)",,,,,펫프렌즈동물병원천호,,신길 온동물병원,"서울특별시 영등포구 신풍로 77, 상가동 C119호 (신길동, 래미안에스티움)"
,,,,닥터스종합동물병원,"서울특별시 노원구 월계로 336, 상천빌딩 1층 (월계동)",,,펫가든동물병원,"서울특별시 송파구 중대로 80, 문정프라자 (문정동)",바이오-벳,서울특별시 서초구 남부순환로333길 42 (서초동),,,,,서울종합동물병원,"서울특별시 관악구 신림로 233, 1층 (신림동)",하나동물병원,"서울특별시 양천구 목동서로 387 (신정동,세림프라자 106호)",,,원러브동물의료센터,"서울특별시 성북구 아리랑로 75, 상가3동 1층 110호 (돈암동, 돈암코오롱하늘채)",,,,,,,DOX 동물병원,,더힐동물의료센터,"서울특별시 용산구 독서당로 81-1, 아이리스프라자 지상3층 (한남동)",세명 동물병원,"서울특별시 강서구 강서로17길 52 (화곡동, 화곡면옥)",역촌동물병원,서울특별시 은평구 서오릉로 91 (역촌동),아이엠 동물병원,"서울특별시 마포구 양화로 72, 효성해링턴타워 101동 제1층 121,122호 (서교동)",해맑은동물병원,"서울특별시 광진구 뚝섬로 670, 1층 (자양동)",,,,,Dr.베토벤동물병원,서울특별시 강동구 구천면로 664 (상일동),사랑동물병원,"서울특별시 영등포구 선유로 146, 이앤씨드림타워 102호 (양평동3가)"
,,,,서정동물병원,"서울특별시 노원구 동일로 1626, 1층 (상계동)",,,오즈동물병원,서울특별시 송파구 강동대로 300 (방이동),서래동물병원,서울특별시 서초구 서래로 38 (반포동),,,,,24시 굿케어동물의료센터,"서울특별시 관악구 남부순환로 1861, 1층 103호 (봉천동)",상아동물병원,서울특별시 양천구 목동로 181 (신정동),,,,,,,,,,,대치베스트동물병원,"서울특별시 강남구 남부순환로 2921 (대치동,남서울상가 69-1)",워너비동물병원 용산점,"서울특별시 용산구 서빙고로 35, 101동 101호 (한강로3가, 용산시티파크1단지)",화곡동물병원,"서울특별시 강서구 까치산로 80 (화곡동, 화곡동물병원)",스머프동물병원,서울특별시 은평구 백련산로 145 (응암동),공덕 건강한 동물병원,"서울특별시 마포구 만리재로 15, 108호 (공덕동,제일빌딩)",광장동물의료센터,"서울특별시 광진구 아차산로 608, 1층 (광장동)",,,,,해피랜드동물병원,,사랑동물병원,"서울특별시 영등포구 선유로 146, 이앤씨드림타워 102호 (양평동3가)"
,,,,더싼 동물병원,"서울특별시 노원구 동일로 1363, 명지프라자빌딩 102호 (상계동)",,,페미페츠동물병원,서울특별시 송파구 오금로 169 (방이동),쿨펫동물병원,,,,,,스누피동물병원,"서울특별시 관악구 남부순환로 1444, 101호 (신림동)",목동 동물병원,서울특별시 양천구 목동서로 57 (목동),,,,,,,,,,,퍼피앤조이 동물병원,,원스동물병원,"서울특별시 용산구 청파로47길 16, 지상1층 (청파동2가)",힐링캠프 동물병원,서울특별시 강서구 강서로 308 (내발산동),다루동물병원,"서울특별시 은평구 불광로 60, 1층 (불광동)",신촌동물병원,서울특별시 마포구 신촌로 108 (노고산동),파라곤동물병원,"서울특별시 광진구 광나루로 361, 2동 103호 (군자동, 광진동양파라곤)",,,,,성내동물병원,,사랑의 동물병원,"서울특별시 영등포구 양평로24길 9, 1층 12호 (양평동5가, 양평동한신아파트)"
,,,,브이아이피 동물의료센터,서울특별시 노원구 동일로 1333 (상계동),,,늘푸른동물병원,서울특별시 송파구 올림픽로35길 124 (신천동),한나동물병원,"서울특별시 서초구 방배로 269, 109호 (방배동, 삼호상가)",,,,,봉천현대동물병원,"서울특별시 관악구 봉천로 520, 3층 (봉천동)",리베동물 의료센터,서울특별시 양천구 목동로 231 (신정동),,,,,,,,,,,으뜸 동물병원,,,,한마음동물병원,서울특별시 강서구 강서로18길 17 (화곡동),도담동물병원,서울특별시 은평구 역말로 7 (역촌동),한아름동물병원,서울특별시 마포구 독막로 153 (창전동),쿨펫동물병원,"서울특별시 광진구 아차산로 272 (자양동, 이마트 자양점)",,,,,사랑해동물병원,,24시 수 동물메디컬센터,"서울특별시 영등포구 영등포로 85-1, 1, 2, 지층 (양평동1가)"
,,,,러브펫 멀티펫샵&amp;동물병원,"서울특별시 노원구 노원로34길 116, 서울한의원 1층 (상계동)",,,바울동물병원,,프렌즈동물병원,"서울특별시 서초구 방배로 76, 머리재빌딩 1층 105호 (방배동)",,,,,비바동물병원,"서울특별시 관악구 쑥고개로 57-1, 1층 (봉천동)",푸른들동물병원,서울특별시 양천구 신정로 312 (신정동),,,,,,,,,,,윤신근박사애견종합병원,,,,펫가든 동물병원,"서울특별시 강서구 하늘길 38 (방화동, 스카이시티)",조은동물병원,"서울특별시 은평구 수색로 217 (수색동, 수색자이 1단지 107호)",워너비 동물병원,서울특별시 마포구 동교로 193 (동교동),반디동물병원,"서울특별시 광진구 능동로 18, 125호 (자양동, 이튼타워리버3차)",,,,,성내동물병원,서울특별시 강동구 풍성로 145 (성내동),그림책 읽어주는 동물병원,"서울특별시 영등포구 당산로36길 12, 111호 (당산동4가, 당산2차삼성아파트)"
,,,,러브펫동물병원 공릉점,"서울특별시 노원구 동일로 1014, 1층 (공릉동)",,,준동물병원,서울특별시 송파구 위례성대로 178 (오금동),열린동물병원,"서울특별시 서초구 서초중앙로 99 (서초동,1층)",,,,,,,가스펠동물병원,서울특별시 양천구 월정로 137 (신월동),,,,,,,,,,,쿨 펫 동물병원 강남점,"서울특별시 강남구 도곡로 401 (대치동,롯데백화점 1층)",,,올케어동물영상센터,"서울특별시 강서구 공항대로 335 (등촌동, 경왕빌딩)",아리동물병원,"서울특별시 은평구 증산서길 132, 102호 (증산동)",동물병원 닥터K,"서울특별시 마포구 월드컵북로 347, 1층 (상암동)",연두동물병원,서울특별시 광진구 광나루로 524 (구의동),,,,,서울동물메디컬센터,"서울특별시 강동구 양재대로 1410, 준영빌딩 (둔촌동)",라이프 동물병원,"서울특별시 영등포구 가마산로 442, 상가동 B207, 208호 (신길동, 래미안프레비뉴)"
,,,,앤(N)고양이병원,"서울특별시 노원구 노원로 408, (주)노원24시동물의료센터 3층 (상계동)",,,준동물병원,"서울특별시 송파구 중대로 320, 이화빌딩 1층 (오금동)",주아동물병원,,,,,,,,하니동물병원,"서울특별시 양천구 등촌로 58, 1,2층 (목동)",,,,,,,,,,,햇살가득 동물병원,,,,강서YD동물의료센터,서울특별시 강서구 화곡로 371 (등촌동),스머프동물병원,서울특별시 은평구 백련산로 143 (응암동),신촌동물병원,"서울특별시 마포구 신촌로 108, 1층 (노고산동)",우리동물병원,서울특별시 광진구 뚝섬로 636 (자양동),,,,,펫프렌즈동물병원 천호,,영등포아크로 동물병원,"서울특별시 영등포구 국회대로54길 10, 근린생활시설 6동 2호 (영등포동7가, 아크로타워 스퀘어)"
,,,,,,,,패미페츠동물병원,서울특별시 송파구 오금로 169 (방이동),쿨펫동물병원,"서울특별시 서초구 신반포로 176 (반포동,지상 1층)",,,,,,,아람동물병원,"서울특별시 양천구 목동중앙본로1길 5 (목동, 목동2차월드메르디앙 상가 지층 103호)",,,,,,,,,,,쿨펫동물병원,"서울특별시 강남구 도곡로 401 (대치동,롯데백화점 강남점)",,,24시 강서 젠틀리동물의료센터,"서울특별시 강서구 마곡중앙1로 72, 101호 (마곡동, 마곡엠밸리10단지)",튼튼동물병원,"서울특별시 은평구 진흥로 17, 1층 (역촌동)",아프지말게 동물병원,"서울특별시 마포구 상암산로1길 24 (상암동, 월드컵파크 4단지 상가 113-2)",광진24시필동물병원,"서울특별시 광진구 광나루로56길 32, 105,106,201호 (구의동, 구의현대2단지아파트)",,,,,상일동물병원,,캣앤캣 고양이 병원,"서울특별시 영등포구 선유로 76, 동국메뜨리앙 206호 (문래동3가)"
,,,,,,,,(주)패미페츠동물병원,,임갑미동물병원,"서울특별시 서초구 신반포로 257, 뉴타운 1층 (잠원동)",,,,,,,오라고동물병원,"서울특별시 양천구 공항대로 552 (목동, 대우마이빌 102호)",,,,,,,,,,,(주)동물의료영상쎈타,,,,미소동물의료센터,"서울특별시 강서구 강서로 215 (화곡동, 삼광빌딩)",튼튼동물병원,"서울특별시 은평구 진흥로 17, 1층 (역촌동)",굿모닝 동물병원,"서울특별시 마포구 독막로 295 (염리동, 삼부골든타워106호)",스마트동물병원군자점,서울특별시 광진구 능동로43길 3-5 (중곡동),,,,,비타민동물병원,서울특별시 강동구 동남로81길 82 (고덕동),러브펫 동물병원,"서울특별시 영등포구 영중로 15, 타임스퀘어 지하층 B104호 (영등포동4가)"
,,,,,,,,패미페츠동물병원,,리즈동물병원,"서울특별시 서초구 잠원로 221, 상가동 2층 (잠원동, 한강아파트)",,,,,,,리베동물의료센터,서울특별시 양천구 목동로 231 (신정동),,,,,,,,,,,준동물병원,,,,공항축산,서울특별시 강서구 개화동로29길 15 (방화동),서울햇빛동물병원,"서울특별시 은평구 진관2로 67, 202동 B층 01호 (진관동, 은평뉴타운우물골아파트)",카라동물병원,"서울특별시 마포구 잔다리로 122, 2층 (서교동)",아이본 동물병원,"서울특별시 광진구 자양로 48, 104호 (자양동)",,,,,(주)우리펫,,플러스동물메디컬센터,"서울특별시 영등포구 양평로12가길 14, 르네상스 한강 오피스텔 1층 103호 (양평동4가)"
,,,,,,,,패미페츠동물병원,,강남서초동물병원,서울특별시 서초구 사임당로 97 (서초동),,,,,,,팜랜드동물병원,"서울특별시 양천구 목동중앙서로 42, 1층 (목동)",,,,,,,,,,,퍼피즌동물병원,"서울특별시 강남구 선릉로 622, 대영빌딩 1층 (삼성동)",,,다솔동물병원,서울특별시 강서구 방화대로5나길 6 (공항동),둘레길동물병원,"서울특별시 은평구 연서로 317 (불광동, 동윤빌딩)",이리온 동물병원 캣츠엔독스점 (상암점),서울특별시 마포구 월드컵북로 151 (성산동),,,,,,,아프리카동물병원,"서울특별시 강동구 아리수로 421, 101호 (강일동, MIDC빌딩)",,
,,,,,,,,페미페츠동물병원,서울특별시 송파구 오금로 169 (방이동),한국스템셀동물메디컬센터,"서울특별시 서초구 사평대로 80 (반포동,카리스빌딩 1,2층)",,,,,,,대현동물병원,"서울특별시 양천구 목동중앙본로 100, 101호 (목동)",,,,,,,,,,,원동물병원,서울특별시 강남구 역삼로 442 (대치동),,,송정동물메디컬센터,서울특별시 강서구 공항대로 39 (공항동),튼튼동물병원,서울특별시 은평구 진흥로 17 (역촌동),닥터M 동물병원,"서울특별시 마포구 마포대로 195 (아현동, 마포래미안 푸르지오 4단지 상가 134호)",,,,,,,사랑해동물병원,서울특별시 강동구 고덕로 133 (암사동),,
,,,,,,,,페미페츠동물병원,,화인종합동물병원,"서울특별시 서초구 서초대로4길 4 (방배동,대진빌딩1층)",,,,,,,서서울호수동물병원,"서울특별시 양천구 남부순환로 421, 1층 (신월동)",,,,,,,,,,,우리종합동물병원,"서울특별시 강남구 삼성로 654 (삼성동,1층)",,,위즈펫동물병원 김포공항점,"서울특별시 강서구 하늘길 38, MF층 (방화동, 롯데몰)",개와냥이동물병원,"서울특별시 은평구 통일로 727-5, 2층 (대조동)",예스 동물병원,"서울특별시 마포구 마포대로 195 (아현동, 마포래미안푸르지오 4단지상가 214호)",,,,,,,한나동물병원,"서울특별시 강동구 풍성로 197, 102호 (성내동, 한강훼밀리아파트)",,
,,,,,,,,(주)한국동물임상연구소,서울특별시 송파구 백제고분로46길 41-12 (송파동),두리종합동물병원,"서울특별시 서초구 반포대로 287, 래미안퍼스티지 중심상가 1층 147,148호 (반포동)",,,,,,,홍익동물병원,"서울특별시 양천구 목동로 231, 1,2층 (신정동)",,,,,,,,,,,퍼플동물병원,"서울특별시 강남구 남부순환로363길 12-9 (도곡동,1층)",,,서서울동물병원,서울특별시 강서구 양천로 667 (염창동),참좋은동물병원,서울특별시 은평구 백련산로 29 (응암동),메세나 프렌즈 동물병원,"서울특별시 마포구 양화로 45, B층 101호 (서교동, 메세나폴리스 )",,,,,,,석동물병원,서울특별시 강동구 성안로 10 (성내동),,
,,,,,,,,(주)패미프랜동물병원,"충청남도 예산군 예산읍 아리랑로 93-10, 109동 1층 3호",디아나동물병원,"서울특별시 서초구 방배로 119, 1층 (방배동)",,,,,,,파리스동물병원,"서울특별시 양천구 목동서로 100, 상가동 105, 204호 (목동, 목동신시가지아파트3단지)",,,,,,,,,,,논현동물병원,"서울특별시 강남구 강남대로118길 47, 1층 (논현동)",,,보다듬 동물병원,"서울특별시 강서구 수명로 82, 202호 (내발산동, 발산로얄타워)",담은동물병원,"서울특별시 은평구 통일로 796, 상가동 지하2층 128호, 지하1층 228호 (불광동, 북한산 힐스테이트7차)",우리동생 동물병원,서울특별시 마포구 월드컵북로12길 22 (성산동),,,,,,,미드미동물의료센터,"서울특별시 강동구 양재대로 1588 (명일동, 연우빌딩)",,
,,,,,,,,에버펫 동물병원,"서울특별시 송파구 오금로 422, 연암빌딩 1층 (가락동)",펫프렌즈동물병원양재,,,,,,,,구름동물병원,"서울특별시 양천구 신정이펜2로 22, 203호 (신정동, 신정프라자)",,,,,,,,,,,행복한 동물병원,,,,우리아이동물메디컬센터,"서울특별시 강서구 공항대로 284, 1층 2호 (내발산동)",우리덕구동물병원,"서울특별시 은평구 진관2로 77, 205동 지하1층 B104호 (진관동, 은평뉴타운우물골)",24시 산들산들 동물병원,"서울특별시 마포구 마포대로16길 7, 2층 (아현동)",,,,,,,DC동물병원,,,
,,,,,,,,서울동물병원,"서울특별시 송파구 송이로32길 16 (문정동,지상1층)",반포자이동물병원,"서울특별시 서초구 사평대로45길 10-25 (반포동,반포자이주구중심상가 102,108호)",,,,,,,공원옆동물병원,"서울특별시 양천구 목동서로 349, 104호 (신정동, 센트럴프라자)",,,,,,,,,,,서울동물병원,"서울특별시 강남구 역삼로 423 (대치동,1층)",,,고려종합동물병원,"서울특별시 강서구 양천로57길 10-20, 102호 (가양동, 이스타빌Ⅰ)",가든펫동물병원,"서울특별시 은평구 증산로9길 26-23, 지하1층 (증산동)",닥터 호오 동물병원,"서울특별시 마포구 대흥로 24 (용강동, 서강빌딩(1~2층))",,,,,,,위즈펫동물병원 강동점,"서울특별시 강동구 양재대로 1571 (천호동, 홈플러스 1층)",,
,,,,,,,,"펫,알엔티 동물병원","서울특별시 송파구 중대로 80 (문정동,지하3층)",에이스동물병원,,,,,,,,밀리언동물병원,서울특별시 양천구 신월로 320 (신정동),,,,,,,,,,,마이펫하우스동물병원,"서울특별시 강남구 봉은사로 477 (삼성동,1층)",,,마곡숲동물병원,"서울특별시 강서구 강서로 471, A동 1층 102호 (마곡동, 엠코지니어스타)",연서동물종합병원,서울특별시 은평구 연서로 162 (대조동),24시 산들산들 동물병원,"서울특별시 마포구 마포대로16길 7 (공덕동, 영지빌딩2층)",,,,,,,Dr.주 동물병원,"서울특별시 강동구 양재대로 1376 (둔촌동, 광안빌딩)",,
,,,,,,,,송이종합동물병원,서울특별시 송파구 송이로 29-1 (송파동),반려동물 의료센터 다울,"서울특별시 서초구 효령로 95, 우성빌딩 1층 (방배동)",,,,,,,리베동물메디컬센터,"서울특별시 양천구 오목로 280, 1층 (목동)",,,,,,,,,,,다솜동물병원,,,,쪼꼬동물병원,"서울특별시 강서구 마곡중앙로 36, 103호 (마곡동, 마곡엠밸리15단지)",디엠씨(DMC)동물병원,"서울특별시 은평구 수색로 217, 1층 107호 (수색동, 디엠씨 자이1단지(DMC 자이1))",마포 키다리 동물병원,"서울특별시 마포구 월드컵북로 262 (성산동, 제2상가동 101,102호 성산시영아파트)",,,,,,,내품에동물병원,서울특별시 강동구 천호대로 1120 (길동),,
,,,,,,,,씨밀레동물병원,"서울특별시 송파구 올림픽로47길 20, 웅산빌딩 (풍납동)",넥스펫동물병원,,,,,,,,다온동물병원,서울특별시 양천구 중앙로 230 (신정동),,,,,,,,,,,우리들동물병원,,,,마곡나무 동물병원,"서울특별시 강서구 마곡중앙1로 72, 1014동 103호 (마곡동, 마곡엠밸리10단지)",연서동물종합병원,"서울특별시 은평구 연서로 162, 1층 (대조동)",신촌 동물병원,서울특별시 마포구 신촌로 108 (노고산동),,,,,,,24시 강동 우리 동물병원,서울특별시 강동구 성안로 156 (성내동),,
,,,,,,,,오륜동물병원,"서울특별시 송파구 오금로31길 41 (방이동,지상1층)",해치동물병원,,,,,,,,하나동물병원,"서울특별시 양천구 목동서로 387, 세림프라자 106호 (신정동)",,,,,,,,,,,청담우리동물병원,"서울특별시 강남구 삼성로 654 (삼성동,송전빌딩 108호)",,,공감동물병원,"서울특별시 강서구 마곡중앙로 36, 상가동 103호 (마곡동, 마곡엠밸리15단지)",24시 치유동물의료센터,서울특별시 은평구 은평로 213 (녹번동),푸른숲 동물병원,"서울특별시 마포구 월드컵로 98 (서교동, 서현빌딩 1층)",,,,,,,강동24시 sky동물의료센터,서울특별시 강동구 천호대로 1122 (성내동),,
,,,,,,,,사랑가득동물병원,"서울특별시 송파구 오금로32길 14 (송파동,삼성레미안(아)상가 101동 106호)",24시예스동물병원,"서울특별시 서초구 잠원로 24 (반포동,반포자이프라자 133호)",,,,,,,페토브 동물병원,"서울특별시 양천구 목동동로 130, 117, 118호 (신정동, 목동신시가지아파트14단지)",,,,,,,,,,,그레이스동물병원,서울특별시 강남구 학동로6길 18 (논현동),,,올스타동물의료센터,"서울특별시 강서구 가로공원로 198, 1층 (화곡동, 청파빌딩)",피움동물병원,"서울특별시 은평구 진관3로 37, 은평구 뉴타운2지구 에코테라스 102호 (진관동)",푸른숲 동물병원,"서울특별시 마포구 월드컵로 98 (서교동, 서현빌딩)",,,,,,,필립동물병원,서울특별시 강동구 상암로 209 (명일동),,
,,,,,,,,쿨펫동물병원,"서울특별시 송파구 올림픽로 212 (잠실동,지하 136-11)",반포자이동물병원,서울특별시 서초구 사평대로45길 10-25 (반포동),,,,,,,24시 서울 탑 동물병원,"서울특별시 양천구 중앙로 237, 1층 (신정동)",,,,,,,,,,,치료멍멍한방병원,"서울특별시 강남구 도산대로 309 (신사동,2층)",,,하트온동물병원,"서울특별시 강서구 곰달래로 260, 피앤와이빌딩 1층 3호 (화곡동)",어울동물의료센터,서울특별시 은평구 통일로 665 (녹번동),라온동물병원,"서울특별시 마포구 월드컵북로 151, 1층 (성산동, 성미빌딩)",,,,,,,가람동물병원,"서울특별시 강동구 성내로 36, 예원빌딩 (성내동)",,
,,,,,,,,로잔동물병원,,하나동물병원,"서울특별시 서초구 헌릉로8길 10-12, 1층 3호 (신원동, 힐스테이트서초잰트리스)",,,,,,,두암동물병원,"서울특별시 양천구 목동중앙북로 73, 덕수프라자 2층 (목동)",,,,,,,,,,,수서동물병원,"서울특별시 강남구 광평로31길 27 (수서동,삼성 아파트 상가 101호)",,,우장산 동물의료센터,"서울특별시 강서구 강서로 282, 1층 (내발산동)",동물병원 움,"서울특별시 은평구 불광로 59, 1층 나호 (불광동)",소망동물병원,"서울특별시 마포구 신촌로 258, 1,2층 (아현동)",,,,,,,고덕24시 동물병원,"서울특별시 강동구 동남로 877, 1층 106호 (명일동, 한화오벨리스크스위트)",,
,,,,,,,,호수동물병원,"서울특별시 송파구 오금로 126, 105호 (송파동, 레이크 해모로)",이리온 for 몰리스,"서울특별시 서초구 매헌로 16, 지1층 (양재동, 이마트 양재점)",,,,,,,캐슬동물종합병원,"서울특별시 양천구 목동남로2길 21, 쌍용빌딩 4층 (신정동)",,,,,,,,,,,우리들동물병원,"서울특별시 강남구 압구정로29길 71 (압구정동,현대2상가 109호)",,,서서울동물병원,"서울특별시 강서구 양천로 674, 9,10호 (염창동)",,,동물병원 the 말랑,"서울특별시 마포구 토정로 149, 2층 (상수동, 영재빌딩)",,,,,,,스마트동물병원 강동암사점,서울특별시 강동구 고덕로 110 (암사동),,
,,,,,,,,동산동물병원,서울특별시 송파구 백제고분로 270 (삼전동),야셀동물병원,"서울특별시 서초구 서초대로 3-4, 지하1층 111호 (방배동, 방배디오슈페리움1)",,,,,,,하니동물병원,서울특별시 양천구 등촌로 58 (목동),,,,,,,,,,,영동동물병원,서울특별시 강남구 강남대로 536 (논현동),,,푸른들동물병원,"서울특별시 강서구 양천로 663-1, 1층 (염창동)",,,와우 동물병원,서울특별시 마포구 월드컵북로 167 (성산동),,,,,,,사랑해동물병원,"서울특별시 강동구 고덕로 133, 212호 (암사동, 강동롯데캐슬퍼스트아파트)",,
,,,,,,,,최재호한방동물병원,"서울특별시 송파구 백제고분로 181 (잠실동,지상2층)",이리온 for 몰리스,서울특별시 서초구 매헌로 16 (양재동),,,,,,,가온동물병원,"서울특별시 양천구 등촌로 114, 목동한강팰리스 1층 (목동)",,,,,,,,,,,이안동물영상의학센터,"서울특별시 강남구 개포로22길 14 (개포동,2층)",,,참동물병원,"서울특별시 강서구 마곡서로 133, 712동 102-1호 (마곡동, 마곡엠밸리7단지)",,,이황 동물병원,"서울특별시 마포구 월드컵로 147, 1층 (망원동, 한익빌딩)",,,,,,,방주동물의료센터,"서울특별시 강동구 양재대로 1299, 1층 (성내동)",,
,,,,,,,,KYH웰빙동물병원,"서울특별시 송파구 삼전로 85, 태영빌딩 1층 (잠실동)",이리온 양재점,"서울특별시 서초구 매헌로 16, 지하1층 (양재동, 이마트 양재점)",,,,,,,우리들동물메디컬센터,서울특별시 양천구 목동로 161 (신정동),,,,,,,,,,,고려종합동물병원,"서울특별시 강남구 선릉로 225, 도곡렉슬아파트 상가동 109호 (도곡동)",,,마곡M동물의료센터,"서울특별시 강서구 방화대로33길 3, 1~2층 (방화동)",,,날으는 동물병원,"서울특별시 마포구 마포대로11길 35, 1층, 지하1층 (공덕동, 공덕메디힐스)",,,,,,,마리스동물의료센터,"서울특별시 강동구 올림픽로 820, 1층 (암사동, 서연빌딩)",,
,,,,,,,,잠실준25시동물병원,"서울특별시 송파구 석촌호수로 138, 유시에셋 (삼전동)",꿈꾸는 동물병원,"서울특별시 서초구 서초중앙로 238, 106호 (반포동, 반포리체상가)",,,,,,,해맞이 동물병원,"서울특별시 양천구 지양로 7, 인산빌딩 1층 (신월동)",,,,,,,,,,,드림동물병원,"서울특별시 강남구 역삼로 234, 101,102호 (역삼동)",,,모모동물병원,"서울특별시 강서구 마곡중앙1로 20, 205호 (마곡동)",,,서울동물복지지원센터 동물병원,"서울특별시 마포구 매봉산로 31 (상암동, S-PLEXCENTER 지하1층)",,,,,,,올바른동물병원,"서울특별시 강동구 올림픽로 787, 1층 (암사동, 태성프라자)",,
,,,,,,,,쿨독동물병원,"서울특별시 송파구 중대로9길 48, MOXENHOUSE (가락동)",에이블 동물병원,서울특별시 서초구 바우뫼로 211 (양재동),,,,,,,우리들 노령동물 암센터,"서울특별시 양천구 목동로 171, 4층 (신정동)",,,,,,,,,,,우리동물병원,서울특별시 강남구 압구정로29길 71 (압구정동),,,차지우동물병원,"서울특별시 강서구 강서로62길 10, 한울빌딩 1층 (등촌동)",,,신촌동물병원,"서울특별시 마포구 신촌로 108, 1층 (노고산동)",,,,,,,닥터표동물병원,"서울특별시 강동구 올림픽로 566, 1층 (성내동)",,
,,,,,,,,러브펫동물병원,,강남서초 동물병원,"서울특별시 서초구 사임당로 97, 1층 (서초동)",,,,,,,봄날동물병원,"서울특별시 양천구 목동중앙로 89, 1층 (목동)",,,,,,,,,,,아프리카동물병원,서울특별시 강남구 봉은사로111길 31 (삼성동),,,,,,,한국양봉농협 동물병원,"서울특별시 마포구 월드컵로 125, 4층 (망원동)",,,,,,,고덕 고래힐동물병원,"서울특별시 강동구 아리수로50길 50 (고덕동, 래미안힐스테이트고덕 상가 2층 212,213호)",,
,,,,,,,,해뜨는 동물병원,서울특별시 송파구 문정로4길 18 (문정동),아델 동물병원,"서울특별시 서초구 반포대로 45, 1층 (서초동, 명성빌딩)",,,,,,,신월동물병원,"서울특별시 양천구 신월로 124, 1층 (신월동)",,,,,,,,,,,24시양재동물병원,"서울특별시 강남구 강남대로 272, 102동 103호 (도곡동,도곡푸르지오)",,,,,,,이층애 고양이동물병원,"서울특별시 마포구 월드컵로 46, 2층 (서교동)",,,,,,,강동24시 SKY 동물의료센터,서울특별시 강동구 천호대로 1122 (성내동),,
,,,,,,,,송파원동물병원,"서울특별시 송파구 백제고분로 432 (송파동,지상1층)",동물제중원금손이 동물병원,"서울특별시 서초구 서초대로 124, 101호 (방배동, 선빌딩)",,,,,,,산책동물병원,"서울특별시 양천구 목동서로 401, 1층 102호 (신정동, 대림아크로빌)",,,,,,,,,,,압구정신24동물병원,서울특별시 강남구 압구정로 108 (신사동),,,,,,,신촌동물병원,"서울특별시 마포구 신촌로 108, 1층 (노고산동)",,,,,,,돌봄동물병원,"서울특별시 강동구 고덕로 133, 2층 (암사동, 강동롯데캐슬퍼스트아파트)",,
,,,,,,,,해밀동물병원,서울특별시 송파구 송이로 98 (가락동),한나동물병원,"서울특별시 서초구 방배로 269, 109호 (방배동)",,,,,,,,,,,,,,,,,,,중앙동물메디컬센타,"서울특별시 강남구 봉은사로 315 (논현동,미래빌딩 1, 2층)",,,,,,,한아름 동물병원,"서울특별시 마포구 독막로 153, 102호 (창전동)",,,,,,,안단테 동물병원,"서울특별시 강동구 양재대로 1601 (천호동, 장수빌딩)",,
,,,,,,,,레인보우동물병원,"서울특별시 송파구 가락로 259 (방이동,지상1층)",치료멍멍 동물의료센터,서울특별시 서초구 사평대로 68 (반포동),,,,,,,,,,,,,,,,,,,안세동물병원,서울특별시 강남구 봉은사로 307 (논현동),,,,,,,산책 동물병원,서울특별시 마포구 창전로 50-1 (구수동),,,,,,,양지가축동물병원,"서울특별시 강동구 천호대로191길 6, 102호 (길동)",,
,,,,,,,,오금 동물병원,"서울특별시 송파구 오금로 306 (가락동,가락스타클래스 107호)",서초힐스동물병원,서울특별시 서초구 태봉로2길 30 (우면동),,,,,,,,,,,,,,,,,,,디앤씨동물병원,서울특별시 강남구 논현로 337 (역삼동),,,,,,,아이웰 동물의료센터,서울특별시 마포구 백범로 130 (염리동),,,,,,,양지가축동물병원,"서울특별시 강동구 천호대로191길 6, 102호 (길동)",,
,,,,,,,,더 샵 동물메디컬센터,"서울특별시 송파구 올림픽로35가길 9, 상가동 2층 207호 (신천동, 잠실 푸르지오 월드마크)",반포한강동물병원,"서울특별시 서초구 신반포로 49, M-16호 (반포동)",,,,,,,,,,,,,,,,,,,펫프랜즈,"서울특별시 강남구 남부순환로 2912 (대치동,우성(아)상가101호)",,,,,,,콩닥 동물병원,"서울특별시 마포구 마포대로 127, 풍림브이아이피텔 (공덕동)",,,,,,,동물병원 공감,"서울특별시 강동구 양재대로 1609, 조희빌딩 1층 (천호동)",,
,,,,,,,,이솝 동물병원,"서울특별시 송파구 마천로 76 (오금동,지상1층)",헤이븐동물병원 방배서래점,서울특별시 서초구 방배로 232 (방배동),,,,,,,,,,,,,,,,,,,24시 페츠비동물병원,"서울특별시 강남구 도산대로 155 (신사동,외1(2층))",,,,,,,,,,,,,,,위즈펫동물병원 강동점,"서울특별시 강동구 양재대로 1571, 천호복합 상업시설 1층 (천호동)",,
,,,,,,,,신천 동물병원,서울특별시 송파구 석촌호수로 94 (잠실동),아이비동물병원,"서울특별시 서초구 효령로 229, 108호 (서초동)",,,,,,,,,,,,,,,,,,,현진우 동물병원,서울특별시 강남구 역삼로 138 (역삼동),,,,,,,,,,,,,,,김태화동물병원,"서울특별시 강동구 천호대로 1186, 원경빌딩 102호 (둔촌동)",,
,,,,,,,,로잔동물병원,"서울특별시 송파구 석촌호수로 188 (석촌동,신동아로쟌뷰 1층(114호))",헬릭스동물메디컬센터,"서울특별시 서초구 신반포로 162 (반포동, 르본시티 2층)",,,,,,,,,,,,,,,,,,,명가동물병원,서울특별시 강남구 압구정로 336 (신사동),,,,,,,,,,,,,,,사랑동물병원,서울특별시 강동구 천중로49길 4 (길동),,
,,,,,,,,서울동물병원,"서울특별시 송파구 송이로32길 16 (문정동,지상2층)",에이원동물병원,"서울특별시 서초구 반포대로 89, 1층 (서초동, 유민빌딩)",,,,,,,,,,,,,,,,,,,프렌즈동물병원,서울특별시 강남구 논현로 546 (역삼동),,,,,,,,,,,,,,,아프리카동물병원,"서울특별시 강동구 아리수로 421, MIDC빌딩 101호 (강일동)",,
,,,,,,,,두리동물병원,"서울특별시 송파구 성내천로 229, 1층 (마천동)",여울동물병원,"서울특별시 서초구 방배로 28, 1층 5호 (방배동, 덕산빌딩)",,,,,,,,,,,,,,,,,,,알프스동물병원,"서울특별시 강남구 봉은사로 146 (역삼동,1층)",,,,,,,,,,,,,,,온조 동물병원,"서울특별시 강동구 양재대로101길 57, 101호 (성내동)",,
,,,,,,,,알프스 동물병원,,VIP동물의료센터 서초동작점,"서울특별시 서초구 동작대로 36, 1,2층 (방배동, 대광빌딩)",,,,,,,,,,,,,,,,,,,닥터펫동물병원,,,,,,,,,,,,,,,,펫트리동물의료센터,"서울특별시 강동구 양재대로 1453, 베스트올 1층 (길동)",,
,,,,,,,,내사랑 동물병원,,서초M동물의료센터,"서울특별시 서초구 사임당로 78, 1층 (서초동, 유미원)",,,,,,,,,,,,,,,,,,,예은동물병원,"서울특별시 강남구 도곡로 189, 1,2층 (역삼동, 정금빌딩)",,,,,,,,,,,,,,,동물병원 베를린,"서울특별시 강동구 고덕로 353, 고덕그라시움아파트(상가1동) 3층 307호 (고덕동)",,
,,,,,,,,솔로몬동물병원,서울특별시 송파구 마천로 76 (오금동),다스림 양한방 동물병원,"서울특별시 서초구 효령로 347, 서광빌딩 101호 (서초동)",,,,,,,,,,,,,,,,,,,스누피동물병원,"서울특별시 강남구 테헤란로64길 13, 106호 (대치동,풍림아이원레몬 상가)",,,,,,,,,,,,,,,다온동물병원,"서울특별시 강동구 상일로 153, 1층 (고덕동)",,
,,,,,,,,리오동물병원,"서울특별시 송파구 올림픽로 435, 상가동 1층 36호 (신천동, 파크리오)",이삭동물병원,"서울특별시 서초구 방배천로8길 34, 1층 (방배동)",,,,,,,,,,,,,,,,,,,24시 OK 동물병원,"서울특별시 강남구 선릉로 338 (대치동,오성빌딩 1층 101호)",,,,,,,,,,,,,,,양지가축동물병원,"서울특별시 강동구 천호대로191길 6, 102호 (길동)",,
,,,,,,,,튼튼동물병원,"서울특별시 송파구 토성로 30-1 (풍납동,지상1층)",신세계동물병원,"서울특별시 서초구 신반포로 143, 경남쇼핑센터 1층 8호 (반포동)",,,,,,,,,,,,,,,,,,,닥터신 동물병원,"서울특별시 강남구 도산대로 425 (청담동,1층)",,,,,,,,,,,,,,,센트럴동물병원,"서울특별시 강동구 고덕로 399, 메가스퀘어동 2층 225호 (고덕동, 고덕센트럴푸르지오)",,
,,,,,,,,꿈이 크는 동물병원,"서울특별시 송파구 백제고분로 115 (잠실동, 그린빌딩1층)",신세계 동물병원,"서울특별시 서초구 반포대로 287, 래미안퍼스티지 중심상가 1층 143호 (반포동)",,,,,,,,,,,,,,,,,,,학동24시동물병원,"서울특별시 강남구 학동로 165 (논현동,마일스디오빌 114,115호)",,,,,,,,,,,,,,,,,,
,,,,,,,,에코동물병원,"서울특별시 송파구 동남로 161, 1층 2호 (가락동, 현대빌리지)",아이비 동물병원,"서울특별시 서초구 효령로 229, 108호 (서초동)",,,,,,,,,,,,,,,,,,,서울가족동물병원,"서울특별시 강남구 도곡로 175 (역삼동,102호)",,,,,,,,,,,,,,,,,,
,,,,,,,,참 동물병원,서울특별시 송파구 석촌호수로 74 (잠실동),햇살아래 동물병원,"서울특별시 서초구 태봉로 62, 네이처프라자 203호 (우면동)",,,,,,,,,,,,,,,,,,,개포동물병원,"서울특별시 강남구 개포로 512 (개포동, 개포종합상가 1층)",,,,,,,,,,,,,,,,,,
,,,,,,,,한양종합동물병원,"서울특별시 송파구 가락로 162, 1층 (송파동)",심바동물병원,"서울특별시 서초구 서초대로4길 4, 대진빌딩 1층 (방배동)",,,,,,,,,,,,,,,,,,,그레이스 동물병원,"서울특별시 강남구 학동로6길 18, 1층 (논현동)",,,,,,,,,,,,,,,,,,
,,,,,,,,스킨앤이어동물병원,"서울특별시 송파구 송파대로 474, 성정빌딩 1층 (송파동)",해뜨는 동물병원 해질녘책방,"서울특별시 서초구 신반포로 257, 뉴타운 지하1층 (잠원동)",,,,,,,,,,,,,,,,,,,닥터펫동물병원,서울특별시 강남구 선릉로 620 (삼성동),,,,,,,,,,,,,,,,,,
,,,,,,,,갤러리아동물병원,"서울특별시 송파구 올림픽로 212, 상가동 124호 (잠실동, 갤러리아팰리스)",헤이븐동물병원,"서울특별시 서초구 동광로 15, 1층 (방배동)",,,,,,,,,,,,,,,,,,,하나동물병원,"서울특별시 강남구 영동대로 217 (대치동,백암빌딩 103)",,,,,,,,,,,,,,,,,,
,,,,,,,,연 동물병원,"서울특별시 송파구 올림픽로 119, 잠실파인애플상가 A동 2층 9,10호 (잠실동)",이을반려동물케어센터,"서울특별시 서초구 사평대로20길 3, 신화빌딩 1층 (반포동)",,,,,,,,,,,,,,,,,,,아지케어,"서울특별시 강남구 강남대로118길 53 (논현동,2층)",,,,,,,,,,,,,,,,,,
,,,,,,,,24시송파서울동물병원,"서울특별시 강서구 가로공원로80길 6, 2층 2호 (화곡동, 태영아트빌)",도그스데이 동물병원,"서울특별시 서초구 강남대로12길 23-13, 엄지빌딩 1층 (양재동)",,,,,,,,,,,,,,,,,,,충현동물병원,"서울특별시 강남구 논현로 621, 1~4층 (논현동)",,,,,,,,,,,,,,,,,,
,,,,,,,,웰니스동물병원,"서울특별시 송파구 충민로 10, 가든파이브툴 지하1층 (문정동)",V+care 동물병원,"서울특별시 서초구 강남대로79길 32, 제이디 빌딩 1층 (반포동)",,,,,,,,,,,,,,,,,,,한 동물병원,서울특별시 강남구 논현로10길 14 (개포동),,,,,,,,,,,,,,,,,,
,,,,,,,,서울동물의료원,"서울특별시 송파구 백제고분로 195 (삼전동,지상1층)",에이비씨(ABC)동물병원,"서울특별시 서초구 사임당로 151, 대한무지개종합상가 1층 103호 (서초동)",,,,,,,,,,,,,,,,,,,일마레 동물 메디컬 센터,서울특별시 강남구 도산대로 514 (청담동),,,,,,,,,,,,,,,,,,
,,,,,,,,강남종합동물병원,서울특별시 송파구 오금로 168 (송파동),서초이음동물병원,"서울특별시 서초구 효령로 347, 서광빌딩 1층 (서초동)",,,,,,,,,,,,,,,,,,,역삼동물병원,"서울특별시 강남구 언주로 527, 1층 (역삼동, 강남텔레피아빌딩)",,,,,,,,,,,,,,,,,,
,,,,,,,,더 동물병원,"서울특별시 송파구 동남로 202 (가락동,광성빌딩106호)",서울종합동물병원방배,"서울특별시 서초구 방배로19길 19, 1층 (방배동)",,,,,,,,,,,,,,,,,,,늘푸른동물병원,"서울특별시 강남구 봉은사로 307 (논현동,이안논현빌딩 제103호)",,,,,,,,,,,,,,,,,,
,,,,,,,,잠실초이 동물병원,"서울특별시 송파구 올림픽로 212 (잠실동,갤러리아팰리스상가내 지하1층136-11호)",,,,,,,,,,,,,,,,,,,,,김봉석 동물병원,,,,,,,,,,,,,,,,,,,
,,,,,,,,봄빛 동물병원,"서울특별시 송파구 송이로 171, 상아빌딩 1층 (가락동)",,,,,,,,,,,,,,,,,,,,,닥터펫동물의료센터,"서울특별시 강남구 선릉로 620, 1층 (삼성동)",,,,,,,,,,,,,,,,,,
,,,,,,,,쿨펫 월드점 동물병원,"서울특별시 송파구 올림픽로 240, 2층 (잠실동, 롯데마트)",,,,,,,,,,,,,,,,,,,,,이리온동물의료원(청담점),"서울특별시 강남구 도산대로 445, M빌딩 2층 (청담동)",,,,,,,,,,,,,,,,,,
,,,,,,,,유앤동물의료원,"서울특별시 송파구 양재대로 1148, 왕천빌딩 1층 (오금동)",,,,,,,,,,,,,,,,,,,,,와이즈동물병원,서울특별시 강남구 강남대로128길 34 (논현동),,,,,,,,,,,,,,,,,,
,,,,,,,,이리온 동물의료원,서울특별시 송파구 오금로 182 (송파동),,,,,,,,,,,,,,,,,,,,,서울동물병원,"서울특별시 강남구 역삼로 412 (대치동,1층)",,,,,,,,,,,,,,,,,,
,,,,,,,,아미동물병원,서울특별시 송파구 백제고분로 131 (잠실동),,,,,,,,,,,,,,,,,,,,,홈케어 동물병원,"서울특별시 강남구 삼성로135길 41 (청담동,306호)",,,,,,,,,,,,,,,,,,
,,,,,,,,이동훈동물병원,서울특별시 송파구 백제고분로46길 27 (송파동),,,,,,,,,,,,,,,,,,,,,나래동물병원,"서울특별시 강남구 도곡로13길 5 (역삼동,다양빌 1층)",,,,,,,,,,,,,,,,,,
,,,,,,,,잠실VIP동물병원,서울특별시 송파구 석촌호수로 188 (석촌동),,,,,,,,,,,,,,,,,,,,,24시 페츠비동물병원,"서울특별시 강남구 도산대로 155 (신사동,외 1필지 (2층))",,,,,,,,,,,,,,,,,,
,,,,,,,,청담동물병원,"서울특별시 송파구 토성로 30-1, 1층 1호 (풍납동)",,,,,,,,,,,,,,,,,,,,,메디포즈 동물의료센터,"서울특별시 강남구 역삼로 134 (역삼동,2층)",,,,,,,,,,,,,,,,,,
,,,,,,,,이룸동물병원,"서울특별시 송파구 삼학사로 44, 보라빌딩 (석촌동)",,,,,,,,,,,,,,,,,,,,,강남동물병원,"서울특별시 강남구 봉은사로 205, 상하빌딩 1층 (논현동)",,,,,,,,,,,,,,,,,,
,,,,,,,,오금동물병원,"서울특별시 송파구 오금로 306, 1층 7호 (가락동, 가락스타클래스)",,,,,,,,,,,,,,,,,,,,,중앙동물메디컬센터,"서울특별시 강남구 봉은사로 315, 미래빌딩 1~3층 (논현동)",,,,,,,,,,,,,,,,,,
,,,,,,,,하군이네 동물병원,"서울특별시 송파구 송이로32길 19, 1층 (문정동)",,,,,,,,,,,,,,,,,,,,,한국동물영상의학센터,서울특별시 강남구 선릉로 806 (청담동),,,,,,,,,,,,,,,,,,
,,,,,,,,리센츠 스타 동물병원,"서울특별시 송파구 올림픽로 145, 리센츠 상가동 1층 C13,C14호 (잠실동)",,,,,,,,,,,,,,,,,,,,,선릉동물병원,서울특별시 강남구 선릉로 528 (삼성동),,,,,,,,,,,,,,,,,,
,,,,,,,,오즈동물병원,서울특별시 송파구 강동대로 300 (방이동),,,,,,,,,,,,,,,,,,,,,아크리스 동물의료센터,서울특별시 강남구 학동로 138 (논현동),,,,,,,,,,,,,,,,,,
,,,,,,,,치치동물병원,"서울특별시 송파구 충민로2길 36, 1층 102호 (장지동, 해오름 빌딩)",,,,,,,,,,,,,,,,,,,,,스마트동물병원,서울특별시 강남구 선릉로 418 (대치동),,,,,,,,,,,,,,,,,,
,,,,,,,,24시잠실ON동물의료센터,"서울특별시 송파구 올림픽로 76, J타워 202호 (잠실동)",,,,,,,,,,,,,,,,,,,,,마이펫동물의료센터,서울특별시 강남구 삼성로 573 (삼성동),,,,,,,,,,,,,,,,,,
,,,,,,,,에이스종합동물병원,"서울특별시 송파구 올림픽로 435, A동 4층 5호 (신천동, 파크리오상가)",,,,,,,,,,,,,,,,,,,,,개포별빛동물병원,서울특별시 강남구 논현로 70 (개포동),,,,,,,,,,,,,,,,,,
,,,,,,,,킴리동물병원,"서울특별시 송파구 올림픽로35길 94, 신천동동 내제2층층 203호 (신천동, 장미3차맨션)",,,,,,,,,,,,,,,,,,,,,카디오 동물의료병원,서울특별시 강남구 강남대로118길 60 (논현동),,,,,,,,,,,,,,,,,,
,,,,,,,,석촌동물병원,"서울특별시 송파구 송파대로 441, 청호빌딩 1층 2호 (석촌동)",,,,,,,,,,,,,,,,,,,,,24시 신사동물병원,서울특별시 강남구 도산대로 138 (논현동),,,,,,,,,,,,,,,,,,
,,,,,,,,라임동물병원,"서울특별시 송파구 가락로 258, 세림빌딩 1층 (방이동)",,,,,,,,,,,,,,,,,,,,,이리온 동물의료원-대치점,서울특별시 강남구 삼성로 312 (대치동),,,,,,,,,,,,,,,,,,
,,,,,,,,잠실베스트동물메디컬센터,"서울특별시 송파구 삼학사로 88, 금보 1층 (석촌동)",,,,,,,,,,,,,,,,,,,,,위너스 동물병원,서울특별시 강남구 역삼로 235 (역삼동),,,,,,,,,,,,,,,,,,
,,,,,,,,문정탑동물병원,"서울특별시 송파구 송이로 186, 상가동 1호 (문정동, 성해아파트)",,,,,,,,,,,,,,,,,,,,,위너스 동물병원,서울특별시 강남구 역삼로 235 (역삼동),,,,,,,,,,,,,,,,,,
,,,,,,,,행복한 우리아이 동물병원,"서울특별시 송파구 석촌호수로 146, 1층 (삼전동)",,,,,,,,,,,,,,,,,,,,,마이펫동물의료센터,서울특별시 강남구 삼성로 573 (삼성동),,,,,,,,,,,,,,,,,,
,,,,,,,,펫가든동물병원 월드타워점,"서울특별시 송파구 올림픽로 300, 지하1층 (신천동, 롯데마트 엔터테인먼트)",,,,,,,,,,,,,,,,,,,,,츄츄 동물병원,서울특별시 강남구 논현로67길 56 (역삼동),,,,,,,,,,,,,,,,,,
,,,,,,,,꿈이크는 동물병원,"서울특별시 송파구 백제고분로 115, 그린빌딩 1층 (잠실동)",,,,,,,,,,,,,,,,,,,,,영동동물병원,서울특별시 강남구 강남대로 536 (논현동),,,,,,,,,,,,,,,,,,
,,,,,,,,온마음 동물메디컬센터,"서울특별시 송파구 오금로 473, 정림빌딩 1층 (거여동)",,,,,,,,,,,,,,,,,,,,,24시 OK동물병원,서울특별시 강남구 선릉로 338 (대치동),,,,,,,,,,,,,,,,,,
,,,,,,,,청담동물병원,서울특별시 송파구 토성로 30-1 (풍납동),,,,,,,,,,,,,,,,,,,,,루이스동물병원,서울특별시 강남구 테헤란로64길 13 (대치동),,,,,,,,,,,,,,,,,,
,,,,,,,,위즈펫동물병원 잠실점,"서울특별시 송파구 올림픽로35가길 16, B15호 (신천동, 홈플러스잠실점)",,,,,,,,,,,,,,,,,,,,,가로수 동물병원,서울특별시 강남구 압구정로 134 (신사동),,,,,,,,,,,,,,,,,,
,,,,,,,,KAVSC동물병원,"서울특별시 송파구 충민로 66, 라이프동 6층 T6045호 (문정동, 가든파이브라이프)",,,,,,,,,,,,,,,,,,,,,카디오 동물의료병원,서울특별시 강남구 강남대로118길 60 (논현동),,,,,,,,,,,,,,,,,,
,,,,,,,,오금동물병원,"서울특별시 송파구 오금로 306, 107호 (가락동, 가락스타클래스)",,,,,,,,,,,,,,,,,,,,,하나동물병원,서울특별시 강남구 영동대로 217 (대치동),,,,,,,,,,,,,,,,,,
,,,,,,,,키다리동물병원,"서울특별시 송파구 새말로 62, 송파 푸르지오시티 상가동 101호 (문정동)",,,,,,,,,,,,,,,,,,,,,와이즈24시 동물병원,서울특별시 강남구 학동로6길 7 (논현동),,,,,,,,,,,,,,,,,,
,,,,,,,,위즈펫동물병원,"서울특별시 송파구 올림픽로35가길 16, B16호 (신천동, 홈플러스잠실점)",,,,,,,,,,,,,,,,,,,,,백산동물병원,"서울특별시 강남구 논현로86길 22, 2층 (역삼동)",,,,,,,,,,,,,,,,,,
,,,,,,,,위례동물병원,"서울특별시 송파구 위례광장로 136, 5동 E117호 (장지동, 위례아이파크)",,,,,,,,,,,,,,,,,,,,,도곡종합동물병원,서울특별시 강남구 언주로 314 (역삼동),,,,,,,,,,,,,,,,,,
,,,,,,,,바우동물병원,"서울특별시 송파구 올림픽로35길 112, 장미아파트 비상가 2동 108호 (신천동)",,,,,,,,,,,,,,,,,,,,,래이동물의료센터,서울특별시 강남구 남부순환로 2911-1 (대치동),,,,,,,,,,,,,,,,,,
,,,,,,,,송파바로동물병원,"서울특별시 송파구 새말로 125, 어은회관 (문정동)",,,,,,,,,,,,,,,,,,,,,라온펫동물의료센터,"서울특별시 강남구 남부순환로 2912, 지하1층 110호 (대치동, 그랑프리엔상가)",,,,,,,,,,,,,,,,,,
,,,,,,,,송파스마일동물병원,서울특별시 송파구 새말로5길 17 (문정동),,,,,,,,,,,,,,,,,,,,,러브펫동물병원,서울특별시 강남구 선릉로100길 32 (삼성동),,,,,,,,,,,,,,,,,,
,,,,,,,,마루동물병원,"서울특별시 송파구 양산로4길 13, 우토 파크빌딩 (거여동)",,,,,,,,,,,,,,,,,,,,,24시 청담우리 동물병원,서울특별시 강남구 삼성로 614 (삼성동),,,,,,,,,,,,,,,,,,
,,,,,,,,송파원동물병원,"서울특별시 송파구 백제고분로 432, 2층 (송파동)",,,,,,,,,,,,,,,,,,,,,24시 닥터멍 동물병원,"서울특별시 강남구 논현로 515, 아승빌딩 (역삼동)",,,,,,,,,,,,,,,,,,
,,,,,,,,신천동물병원,"서울특별시 송파구 석촌호수로 108, 리치빌딩 1층 (잠실동)",,,,,,,,,,,,,,,,,,,,,다정동물병원,"서울특별시 강남구 학동로20길 39, 1층 (논현동)",,,,,,,,,,,,,,,,,,
,,,,,,,,송파데일리동물병원,"서울특별시 송파구 법원로 55, 송파아이파크 1층 E204호 (문정동)",,,,,,,,,,,,,,,,,,,,,큐빌론동물병원,서울특별시 강남구 역삼로 149 (역삼동),,,,,,,,,,,,,,,,,,
,,,,,,,,잘키움행동치료동물병원,"서울특별시 송파구 오금로 147, 2층 (방이동)",,,,,,,,,,,,,,,,,,,,,하나동물병원,서울특별시 강남구 영동대로 217 (대치동),,,,,,,,,,,,,,,,,,
,,,,,,,,웰니스동물병원(롯데월드점),"서울특별시 송파구 올림픽로 240, 롯데월드 1층 S-911호 (잠실동)",,,,,,,,,,,,,,,,,,,,,이안동물의학센터(청담점),"서울특별시 강남구 선릉로 806, 5층 (청담동)",,,,,,,,,,,,,,,,,,
,,,,,,,,위례S동물의료센터,"서울특별시 송파구 위례광장로 200, 에스비트램스퀘어 203,204호 (장지동)",,,,,,,,,,,,,,,,,,,,,스마트 동물 외과 클리닉,"서울특별시 강남구 도산대로 지하 213, 1층 (신사동)",,,,,,,,,,,,,,,,,,
,,,,,,,,닥터캣 고양이병원,"서울특별시 송파구 백제고분로 293, 제우빌딩 2층 202호 (석촌동)",,,,,,,,,,,,,,,,,,,,,스마트동물병원(신사본점),"서울특별시 강남구 도산대로 213, 1층 (신사동)",,,,,,,,,,,,,,,,,,
,,,,,,,,더오동물병원,"서울특별시 송파구 송파대로 567, 상가동 1층 106호 (잠실동, 잠실주공아파트)",,,,,,,,,,,,,,,,,,,,,닥터그레이동물병원,"서울특별시 강남구 남부순환로 2804 (도곡동, 아카데미스위트 A동 104호)",,,,,,,,,,,,,,,,,,
,,,,,,,,잠실베스트동물병원 수술재활센터,"서울특별시 송파구 삼학사로 88, 금보 2층 (석촌동)",,,,,,,,,,,,,,,,,,,,,오래오래동물병원,"서울특별시 강남구 도곡로37길 20 (역삼동, 1층,2층)",,,,,,,,,,,,,,,,,,
,,,,,,,,웰니스동물병원(롯데월드점),"서울특별시 송파구 올림픽로 240, 롯데월드 1층 S-911호 (잠실동)",,,,,,,,,,,,,,,,,,,,,대치성심동물병원,"서울특별시 강남구 남부순환로 2921, 1층 69-1호 (대치동)",,,,,,,,,,,,,,,,,,
,,,,,,,,샤인동물메디컬센터,서울특별시 송파구 송파대로 450 (송파동),,,,,,,,,,,,,,,,,,,,,아이윌24시동물병원,"서울특별시 강남구 학동로 437, 지상1층 지하1층층 (청담동)",,,,,,,,,,,,,,,,,,
,,,,,,,,문정힐스 동물병원,"서울특별시 송파구 법원로4길 10, 힐스테이트에코문정 상가동 1층 120,121호 (문정동)",,,,,,,,,,,,,,,,,,,,,아이윌24시동물병원,"서울특별시 강남구 학동로 437, 지상1층,지하1층 (청담동, 일부)",,,,,,,,,,,,,,,,,,
,,,,,,,,헬릭스동물메디컬센터 송파분원,"서울특별시 송파구 삼전로 56, 청목빌딩 (삼전동)",,,,,,,,,,,,,,,,,,,,,봄동물병원,"서울특별시 강남구 도곡로 115, 지하1층,지상1,2층 (역삼동)",,,,,,,,,,,,,,,,,,
,,,,,,,,온마음 동물메디컬센터,"서울특별시 송파구 오금로 473, 정림빌딩 (거여동)",,,,,,,,,,,,,,,,,,,,,페츠비동물의료센터,"서울특별시 강남구 도산대로 155, 1층 (신사동)",,,,,,,,,,,,,,,,,,
,,,,,,,,헬리오동물병원,"서울특별시 송파구 송파대로 345, 3B동 28,29호 (가락동, 헬리오시티)",,,,,,,,,,,,,,,,,,,,,마더스동물병원,"서울특별시 강남구 헌릉로 569 (세곡동, 강남리더스프라자 202-1호)",,,,,,,,,,,,,,,,,,
,,,,,,,,라온펫동물병원,"서울특별시 송파구 가락로 140, 아이앤비빌딩 2층 201호 (송파동)",,,,,,,,,,,,,,,,,,,,,이안동물진단센터,"서울특별시 강남구 개포로22길 14, 2층 (개포동)",,,,,,,,,,,,,,,,,,
,,,,,,,,채움동물의료센터,"서울특별시 송파구 동남로 282, 재상빌딩 1층 (오금동)",,,,,,,,,,,,,,,,,,,,,치료멍멍동물병원,"서울특별시 강남구 도산대로 309, 2층 (신사동)",,,,,,,,,,,,,,,,,,
,,,,,,,,동물병원알루,"서울특별시 송파구 법원로4길 6, 문정아이파크 128-9호 (문정동)",,,,,,,,,,,,,,,,,,,,,수정동물병원,"서울특별시 강남구 일원로14길 25, 상가동 102호 (일원동, 푸른마을아파트)",,,,,,,,,,,,,,,,,,
,,,,,,,,도그마루 동물병원,"서울특별시 송파구 석촌호수로 104, 1층 (잠실동)",,,,,,,,,,,,,,,,,,,,,이비치 동물치과병원,"서울특별시 강남구 선릉로 756, 2층 (청담동, 대성빌딩)",,,,,,,,,,,,,,,,,,
,,,,,,,,,,,,,,,,,,,,,,,,,,,,,,봄동물병원,"서울특별시 강남구 도곡로 115, 거암빌딩 지하1층/지상1~2층 (역삼동)",,,,,,,,,,,,,,,,,,
,,,,,,,,,,,,,,,,,,,,,,,,,,,,,,마더스동물병원,"서울특별시 강남구 헌릉로 569, 202-1호 (세곡동, 강남리더스프라자)",,,,,,,,,,,,,,,,,,
,,,,,,,,,,,,,,,,,,,,,,,,,,,,,,도곡종합동물병원,"서울특별시 강남구 언주로 314, 105호 (역삼동)",,,,,,,,,,,,,,,,,,
,,,,,,,,,,,,,,,,,,,,,,,,,,,,,,치료멍멍동물병원,"서울특별시 강남구 도산대로 309, 2,3층 (신사동)",,,,,,,,,,,,,,,,,,
,,,,,,,,,,,,,,,,,,,,,,,,,,,,,,가로수동물병원,"서울특별시 강남구 압구정로 134, 1층 (신사동)",,,,,,,,,,,,,,,,,,
,,,,,,,,,,,,,,,,,,,,,,,,,,,,,,드림동물병원,"서울특별시 강남구 역삼로 234, 101,102호 (역삼동)",,,,,,,,,,,,,,,,,,
,,,,,,,,,,,,,,,,,,,,,,,,,,,,,,서울동물병원,"서울특별시 강남구 역삼로 426, 1,2층 (대치동, 강남구 역삼로 437 2,3층)",,,,,,,,,,,,,,,,,,
,,,,,,,,,,,,,,,,,,,,,,,,,,,,,,힐스타동물병원,"서울특별시 강남구 자곡로 202, 105호 (자곡동, 강남힐스테이트에코)",,,,,,,,,,,,,,,,,,
,,,,,,,,,,,,,,,,,,,,,,,,,,,,,,강남다온동물병원,"서울특별시 강남구 도곡로 174, 1,2층 (도곡동)",,,,,,,,,,,,,,,,,,
,,,,,,,,,,,,,,,,,,,,,,,,,,,,,,압구정웰동물병원,"서울특별시 강남구 압구정로 108 (신사동, 덕산빌딩 203호 )",,,,,,,,,,,,,,,,,,
,,,,,,,,,,,,,,,,,,,,,,,,,,,,,,선릉동물병원,"서울특별시 강남구 선릉로 533, 연안이씨빌딩 1층 (역삼동)",,,,,,,,,,,,,,,,,,
,,,,,,,,,,,,,,,,,,,,,,,,,,,,,,루이스동물병원,"서울특별시 강남구 테헤란로64길 13 (대치동, 선릉역 풍림아이원레몬)",,,,,,,,,,,,,,,,,,
,,,,,,,,,,,,,,,,,,,,,,,,,,,,,,베스트동물병원,"서울특별시 강남구 도곡로 447, 1층 (대치동, 제일빌딩)",,,,,,,,,,,,,,,,,,
,,,,,,,,,,,,,,,,,,,,,,,,,,,,,,굿모닝동물병원,"서울특별시 강남구 학동로 413 (청담동, 청담빌딩)",,,,,,,,,,,,,,,,,,
,,,,,,,,,,,,,,,,,,,,,,,,,,,,,,개포별빛동물병원,"서울특별시 강남구 논현로 70, 1층 (개포동, 동성빌딩)",,,,,,,,,,,,,,,,,,
,,,,,,,,,,,,,,,,,,,,,,,,,,,,,,쿨펫동물병원,"서울특별시 강남구 도곡로 401, 1층 (대치동, 롯데백화점)",,,,,,,,,,,,,,,,,,
,,,,,,,,,,,,,,,,,,,,,,,,,,,,,,하나동물병원,"서울특별시 강남구 영동대로 217 (대치동, 백암빌딩)",,,,,,,,,,,,,,,,,,
,,,,,,,,,,,,,,,,,,,,,,,,,,,,,,충현동물심장진료센터,"서울특별시 강남구 논현로 621, 3층 (논현동, 동림빌딩)",,,,,,,,,,,,,,,,,,
,,,,,,,,,,,,,,,,,,,,,,,,,,,,,,청담눈초롱안과동물병원,"서울특별시 강남구 도산대로 539, 4층 (청담동, 금원빌딩)",,,,,,,,,,,,,,,,,,
,,,,,,,,,,,,,,,,,,,,,,,,,,,,,,페츠비동물병원,"서울특별시 강남구 도산대로 155, 1-2층 (신사동, 국제빌딩)",,,,,,,,,,,,,,,,,,
,,,,,,,,,,,,,,,,,,,,,,,,,,,,,,서울동물심장병원,"서울특별시 강남구 언주로 542, 1층 (역삼동, ENP Tower)",,,,,,,,,,,,,,,,,,
,,,,,,,,,,,,,,,,,,,,,,,,,,,,,,센트럴동물병원,"서울특별시 강남구 도곡로 510, 1층 (대치동, 성창빌딩)",,,,,,,,,,,,,,,,,,
,,,,,,,,,,,,,,,,,,,,,,,,,,,,,,수서동물병원,"서울특별시 강남구 광평로 196, 1층 109호 (수서동, 제이스프라자)",,,,,,,,,,,,,,,,,,
,,,,,,,,,,,,,,,,,,,,,,,,,,,,,,압구정동물병원,"서울특별시 강남구 압구정로 224, 105호 (신사동, 우미빌딩)",,,,,,,,,,,,,,,,,,
,,,,,,,,,,,,,,,,,,,,,,,,,,,,,,대치동물의료센터,"서울특별시 강남구 도곡로 439, 1층 (대치동, 신화빌딩)",,,,,,,,,,,,,,,,,,
,,,,,,,,,,,,,,,,,,,,,,,,,,,,,,다옴동물병원,"서울특별시 강남구 광평로10길 50 (일원동, 청솔빌리지상가 23-25호, 33호)",,,,,,,,,,,,,,,,,,
,,,,,,,,,,,,,,,,,,,,,,,,,,,,,,아미칼동물병원,"서울특별시 강남구 남부순환로 2936, 108호 (대치동, 윈플러스상가)",,,,,,,,,,,,,,,,,,
,,,,,,,,,,,,,,,,,,,,,,,,,,,,,,닥터그레이동물병원,"서울특별시 강남구 언주로30길 21, 104-1호 (도곡동, 아카데미스위트)",,,,,,,,,,,,,,,,,,
,,,,,,,,,,,,,,,,,,,,,,,,,,,,,,24시 스마트동물병원(신사본원),"서울특별시 강남구 도산대로 213 (신사동, 1층, 지하1층)",,,,,,,,,,,,,,,,,,
,,,,,,,,,,,,,,,,,,,,,,,,,,,,,,대치수동물병원,"서울특별시 강남구 삼성로 212 (대치동, 은마상가 1층 B120, B121)",,,,,,,,,,,,,,,,,,
,,,,,,,,,,,,,,,,,,,,,,,,,,,,,,대치동물의료센터,"서울특별시 강남구 도곡로 439, 1층 (대치동, 신화빌딩)",,,,,,,,,,,,,,,,,,
,,,,,,,,,,,,,,,,,,,,,,,,,,,,,,원동물병원,"서울특별시 강남구 역삼로 459, 한상빌딩 1층 (대치동)",,,,,,,,,,,,,,,,,,
,,,,,,,,,,,,,,,,,,,,,,,,,,,,,,압구정메이트동물병원,"서울특별시 강남구 압구정로 332 (신사동, 1층,2층)",,,,,,,,,,,,,,,,,,
,,,,,,,,,,,,,,,,,,,,,,,,,,,,,,24시 SNC 동물메디컬센터,"서울특별시 강남구 논현로 416, 1층 (역삼동, 운기빌딩)",,,,,,,,,,,,,,,,,,
,,,,,,,,,,,,,,,,,,,,,,,,,,,,,,나은동물병원,"서울특별시 강남구 개포로 243, 101호 (개포동, 흥진빌딩)",,,,,,,,,,,,,,,,,,
,,,,,,,,,,,,,,,,,,,,,,,,,,,,,,아크리스동물의료센터,"서울특별시 강남구 봉은사로104길 10, 3층 (삼성동, 동화빌딩)",,,,,,,,,,,,,,,,,,
,,,,,,,,,,,,,,,,,,,,,,,,,,,,,,서울동물의료센터,"서울특별시 강남구 역삼로 426, 1,2층 (대치동)",,,,,,,,,,,,,,,,,,
,,,,,,,,,,,,,,,,,,,,,,,,,,,,,,24시OK동물병원,"서울특별시 강남구 선릉로 338, 오성빌딩동 1,2층 (대치동)",,,,,,,,,,,,,,,,,,
,,,,,,,,,,,,,,,,,,,,,,,,,,,,,,신사24시SKY동물병원,"서울특별시 강남구 도산대로 155, 국제빌딩 1층 (신사동)",,,,,,,,,,,,,,,,,,
,,,,,,,,,,,,,,,,,,,,,,,,,,,,,,봄사랑 동물병원,"서울특별시 강남구 압구정로29길 68, 2층 203호 (압구정동, 현대아파트)",,,,,,,,,,,,,,,,,,
,,,,,,,,,,,,,,,,,,,,,,,,,,,,,,혜민동물병원,"서울특별시 강남구 봉은사로57길 59, 대호빌딩 1층 (삼성동)",,,,,,,,,,,,,,,,,,
,,,,,,,,,,,,,,,,,,,,,,,,,,,,,,신사동물병원,"서울특별시 강남구 도산대로 206, 진성빌딩 (논현동)",,,,,,,,,,,,,,,,,,
,,,,,,,,,,,,,,,,,,,,,,,,,,,,,,한아름동물병원,"서울특별시 강남구 봉은사로44길 1, 2층 (역삼동)",,,,,,,,,,,,,,,,,,
,,,,,,,,,,,,,,,,,,,,,,,,,,,,,,최영민 동물의료센터,"서울특별시 강남구 논현로132길 24, 양현빌딩 2층/5층 (논현동)",,,,,,,,,,,,,,,,,,
,,,,,,,,,,,,,,,,,,,,,,,,,,,,,,자곡퍼스트동물의료센터,"서울특별시 강남구 자곡로 114, 서강플라자 2층 201호 (자곡동)",,,,,,,,,,,,,,,,,,
,,,,,,,,,,,,,,,,,,,,,,,,,,,,,,튼튼동물병원,"서울특별시 강남구 압구정로 151, 상가 1동 201호 (압구정동, 현대아파트)",,,,,,,,,,,,,,,,,,
,,,,,,,,,,,,,,,,,,,,,,,,,,,,,,하나카동물병원,"서울특별시 강남구 역삼로 138, 동광빌딩 1층 (역삼동)",,,,,,,,,,,,,,,,,,
,,,,,,,,,,,,,,,,,,,,,,,,,,,,,,에이드 동물병원,"서울특별시 강남구 논현로 813, 영석빌딩 지하1층,1층 (신사동)",,,,,,,,,,,,,,,,,,
,,,,,,,,,,,,,,,,,,,,,,,,,,,,,,대치동물메디컬센터,"서울특별시 강남구 도곡로 520, 무진빌딩 1층 (대치동)",,,,,,,,,,,,,,,,,,
,,,,,,,,,,,,,,,,,,,,,,,,,,,,,,청담리덴동물치과병원,"서울특별시 강남구 도산대로 540, 301호 (청담동)",,,,,,,,,,,,,,,,,,
,,,,,,,,,,,,,,,,,,,,,,,,,,,,,,아이힐 동물병원,"서울특별시 강남구 도곡로 115, 거암빌딩 2층 (역삼동)",,,,,,,,,,,,,,,,,,
,,,,,,,,,,,,,,,,,,,,,,,,,,,,,,우리동생 동물병원,"서울특별시 강남구 학동로81길 9, 103호 (청담동)",,,,,,,,,,,,,,,,,,
,,,,,,,,,,,,,,,,,,,,,,,,,,,,,,커비동물병원,"서울특별시 강남구 강남대로122길 47, 보령빌딩 1층 104호 (논현동)",,,,,,,,,,,,,,,,,,
,,,,,,,,,,,,,,,,,,,,,,,,,,,,,,대성동물약품병원,"서울특별시 강남구 논현로28길 37, 보석빌딩 202호 (도곡동)",,,,,,,,,,,,,,,,,,
,,,,,,,,,,,,,,,,,,,,,,,,,,,,,,스마트 정형외과 신경외과 동물병원,"서울특별시 강남구 도산대로 213, 2층 (신사동)",,,,,,,,,,,,,,,,,,
,,,,,,,,,,,,,,,,,,,,,,,,,,,,,,임재성동물의료센터,"서울특별시 강남구 일원로9길 74, 1층, 지하1층 (일원동)",,,,,,,,,,,,,,,,,,
